:020000040800F2
:10000000185800246D03000859BD000801B100080C
:1000100099B60008D1060008C1DF00080000000002
:10002000000000000000000000000000A1C2000865
:10003000E117000800000000D1BD000801C600085B
:100040008B0300088B0300088B0300088B03000858
:100050008B0300088B0300088B0300088B03000848
:100060008B0300088B0300088B030008290C000891
:10007000390C0008490C0008590C0008690C0008EC
:10008000790C00088B0300088B030008191800087E
:100090008B0300088B0300088B0300088B03000808
:1000A0008B0300088B0300088B0300088B030008F8
:1000B0008B0300088B03000859C800088B03000855
:1000C0008B0300088B0300088B0300088B030008D8
:1000D0008B030008A1DF0008B1DF00088B030008D4
:1000E0008B0300088B030008000000008B0300084E
:1000F0008B0300088B0300088B0300088B030008A8
:100100008B0300088B0300088B0300088B03000897
:100110008B0300088B0300088B0300088B03000887
:100120008B0300088B0300088B0300088B03000877
:100130008B0300088B0300088B0300088B03000867
:1001400000000000000000000000000000000000AF
:100150008B0300088B0300088B0300088B03000847
:100160008B0300088B0300088B0300088B03000837
:100170008B0300088B0300088B03000800000000BD
:100180008B0300088B03000831CA00088B030008AA
:100190008B0300088B0300088B0300088B03000807
:1001A0008B0300088B0300088B030008000000008D
:1001B0008B0300088B0300088B0300088B030008E7
:1001C0008B0300088B030008000000000000000003
:1001D00000000000000000008B0300080000000089
:1001E000000000000000000000000000000000000F
:1001F00000000000000000008B0300088B030008D3
:100200008B0300088B030008000000008B0300082C
:100210008B0300088B0300088B0300088B03000886
:100220008B030008000000008B03000800000000A2
:100230008B0300088B030008000000008B030008FC
:100240008B0300088B0300088B0300088B03000856
:100250008B0300088B0300088B0300088B03000846
:100260008B0300088B0300088B0300088B03000836
:100270008B0300088B0300088B03000800000000BC
:100280008B0300088B0300088B0300088B03000816
:10029000000000008B0300088B0300080000000032
:1002A000000000008B0300088B0300088B0300088C
:1002B0008B0300088B0300088B0300088B030008E6
:1002C0008B0300088B0300088B03000800F002F882
:1002D00000F03CF80AA090E8000C82448344AAF1A4
:1002E0000107DA4501D100F031F8AFF2090EBAE8A2
:1002F0000F0013F0010F18BFFB1A43F0010318475A
:10030000443B0100643B0100103A24BF78C878C127
:10031000FAD8520724BF30C830C144BF04680C600B
:10032000704700000023002400250026103A28BF53
:1003300078C1FBD8520728BF30C148BF0B60704757
:100340001FB513F0E7FB1FBD10B510BD00F088F915
:100350001146FFF7F5FF0EF023FC00F0A6F903B4F9
:10036000FFF7F2FF03BC00F0A9F900000A4880473C
:100370000A4880470A480047FEE7FEE7FEE7FEE737
:10038000FEE7FEE7FEE7FEE7FEE7FEE70548064973
:10039000064A074B70470000F1170008F1C6000835
:1003A000CD020008185200241858002418540024C4
:1003B0001854002453EA020C00F069802DE9F04B38
:1003C0004FF00006002B1FBFB3FA83F503FA05F4C4
:1003D00024FA05F65E4012BF1643B2FA82F502FA1D
:1003E00005F4C5F120051EBF22FA05FC44EA0C0401
:1003F000203556EA044C4FEA144418BF641C4FF0F1
:1004000000084FF00009904271EB030C39D300292A
:1004100019BFB1FA81F701FA07F6B0FA80F700FACE
:1004200007F6C7F120071EBF20FA07FC46EA0C06B4
:100430002037B6FBF4FCA7EB0507103F07F01F0BB6
:10044000CBF120062CFA06F60CFA0BFB44BFB346A0
:100450000026202FA4BF5E464FF0000B5BEA060C7F
:1004600008BF4FF0010B19EB0B0948EB0608ABFB7B
:10047000027C06FB02CC0BFB03CCC01B71EB0C0116
:10048000C1E70B46024641464846BDE8F08B13B52E
:10049000084318BF4FF0FF300146AFF30080BDE8BE
:1004A0001C407047032A40F2308010F0030C00F02B
:1004B000158011F8013BBCF1020F624498BF11F89E
:1004C00001CB00F8013B38BF11F8013BA2F1040257
:1004D00098BF00F801CB38BF00F8013B11F00303CF
:1004E00000F02580083AC0F0088051F8043B083A33
:1004F00051F804CBA0E80810F5E7121D5CBF51F8D5
:10050000043B40F8043BAFF30080D20724BF11F84E
:10051000013B11F801CB48BF11F8012B24BF00F8B3
:10052000013B00F801CB48BF00F8012B704710B524
:10053000203AC0F00B80B1E81850A0E81850B1E89C
:100540001850A0E81850203ABFF4F5AF5FEA027CDB
:1005500024BFB1E81850A0E8185044BF18C918C00B
:10056000BDE810405FEA827C24BF51F8043B40F8AC
:10057000043B08BF7047D20728BF31F8023B48BF91
:1005800011F8012B28BF20F8023B48BF00F8012BCF
:10059000704702F0FF0343EA032242EA024200F0FE
:1005A00024B84FF000020429C0F0128010F0030CB0
:1005B00000F01B80CCF1040CBCF1020F18BF00F856
:1005C000012BA8BF20F8022BA1EB0C0100F00DB805
:1005D0005FEAC17C24BF00F8012B00F8012B48BF63
:1005E00000F8012B70474FF0000200B51346944607
:1005F0009646203922BFA0E80C50A0E80C50B1F17B
:100600002001BFF4F7AF090728BFA0E80C5048BF8E
:100610000CC05DF804EB890028BF40F8042B08BF2C
:10062000704748BF20F8022B11F0804F18BF00F828
:10063000012B704770477047704710B500F008F8FD
:10064000006810BD10B5044600F002F8046010BD4B
:100650000048704718000024004870471800002424
:100660007546FFF7F9FFAE4605006946534620F090
:100670000700854618B020B5FFF788FEBDE820408A
:100680004FF000064FF000074FF000084FF0000B4E
:10069000AC46ACE8C009ACE8C009ACE8C009ACE8BD
:1006A000C00921F007018D46704710B50446AFF32D
:1006B00000802046BDE81040FFF751BE01491820D8
:1006C000ABBEFEE7260002007047000000000000FD
:1006D000FFE7FEE70000000080B594B0844616985E
:1006E000CDF848C08DF8471010920F938DF83B005D
:1006F000129840B1FFE70F9828B1FFE79DF83B0043
:10070000092804DBFFE701208DF84F0051E09DF838
:1007100047000146019120B1FFE7019801280ED062
:100720001DE0109805900020069007909DF83B1062
:10073000089109900A900B900C900D9013E010987E
:1007400005904FF080400690002007909DF83B10E8
:10075000089109900A900B900C900D9003E00120F5
:100760008DF84F0025E000208DF80A00FFE79DF886
:100770000A009DF83B1088420EDAFFE70F989DF8BB
:100780000A20805C0DF10B018854FFE79DF80A00F8
:1007900001308DF80A00EAE7129805A90DF10B0265
:1007A00004F0CAFB8DF813009DF813008DF84F007C
:1007B000FFE79DF84F0014B080BD0000000000006E
:1007C00083B0029001910092029880B1FFE70198F6
:1007D00068B1FFE7009850B1FFE70198C0680428AE
:1007E00006D0FFE70198C068082801D0FFE718E0AD
:1007F00001984068A8B9FFE7019800680299097A52
:1008000001F5647188420BD1FFE70198C0680428A4
:1008100005D1FFE70299009800684861FFE7FFE70C
:10082000FFE703B07047000083B0029001918DF89C
:10083000032001980299086002994FF440704860C3
:100840009DF803000299087202990020C86002997D
:10085000086103B07047000080B586B005908DED4B
:10086000040A0599022048720498059908610598C0
:10087000006940F25471C2F20041086000208DF816
:100880000B00FFE79DF80B00032810DCFFE79DF845
:100890000B2040F25470C2F20040805C03A98854DF
:1008A000FFE79DF80B0001308DF80B00EAE7059893
:1008B0000168019102210DF01BFE024601986B4672
:1008C00004211960002103ABFFF706FF06B080BDCD
:1008D00080B586B005900020029004900598042110
:1008E000019141720598026803920DF001FE019B8F
:1008F000029902460398EC46CCF8003004ABFFF7AF
:10090000EBFE06B080BD000080B586B005908DED91
:10091000040A05990120487204980599C860059851
:10092000C06840F25471C2F20041086000208DF8A6
:100930000B00FFE79DF80B00032810DCFFE79DF894
:100940000B2040F25470C2F20040805C03A988542E
:10095000FFE79DF80B0001308DF80B00EAE70598E2
:100960000168019101210DF0C3FD024601986B461B
:1009700004211960002103ABFFF7AEFE06B080BD75
:1009800080B586B005900020029004900598032160
:1009900041720598026803920DF0AAFD0299024681
:1009A0000398EC460423CCF8003004ABFFF794FE28
:1009B00006B080BD0000000080B588B0FFE740F2BF
:1009C0004840C2F200400078C007002840F026816D
:1009D000FFE740F24840C2F200404078C00748BB01
:1009E000FFE70020C5F60200012105F0D5FC012833
:1009F00016D1FFE740F2C800C2F200400690012184
:100A0000079101769FED860AFFF77EFF0698FFF7B4
:100A10005FFF079840F24841C2F20041487008E089
:100A200040F2C800C2F20040B2EE0E0AFFF76CFFBF
:100A3000FFE708E040F2C800C2F200409FED780AEC
:100A4000FFF762FFFFE740F24840C2F200408078C3
:100A5000C00760BBFFE70020C5F60200022105F0D9
:100A60009BFC012818D1FFE740F2C800C2F2004009
:100A70000121059180F834101C3004909FED680A24
:100A8000FFF742FF0498FFF723FF059840F2484123
:100A9000C2F20041887009E040F2C800C2F2004092
:100AA0001C30B2EE0E0AFFF72FFFFFE709E040F21D
:100AB000C800C2F200401C309FED590AFFF724FF26
:100AC000FFE740F24840C2F20040C078C00760BB78
:100AD000FFE70020C5F60200042105F05DFC0128B7
:100AE00018D1FFE740F2C800C2F200400121039193
:100AF00080F85010383002909FED490AFFF704FF4C
:100B00000298FFF7E5FE039840F24841C2F2004127
:100B1000C87009E040F2C800C2F200403830B2EEBE
:100B20000E0AFFF7F1FEFFE709E040F2C800C2F24B
:100B3000004038309FED3A0AFFF7E6FEFFE740F24B
:100B40004840C2F200400079C00760BBFFE70020C8
:100B5000C5F60200082105F01FFC012818D1FFE7A7
:100B600040F2C800C2F200400121019180F86C10EF
:100B7000543000909FED2A0AFFF7C6FE0098FFF759
:100B8000A7FE019840F24841C2F20041087109E015
:100B900040F2C800C2F200405430B1EE040AFFF740
:100BA000B3FEFFE709E040F2C800C2F20040543053
:100BB0009FED1B0AFFF7A8FEFFE740F24840C2F294
:100BC00000404078C00728B3FFE740F24840C2F237
:100BD00000408078C007E8B1FFE740F24840C2F229
:100BE0000040C078C007A8B1FFE740F24840C2F219
:100BF00000400079C00768B1FFE740F24841C2F207
:100C000000410120087040F2A041C2F200410220E0
:100C10000870FFE70A200DF0E3FFD0E608B080BDC2
:100C2000000000000000000080B540F2F010C2F2A9
:100C3000004001F0E9FF80BD80B540F27810C2F2BB
:100C4000004001F0E1FF80BD80B540F2E020C2F23B
:100C5000004001F0D9FF80BD80B540F26820C2F2AB
:100C6000004001F0D1FF80BD80B540F25830C2F2A3
:100C7000004001F0C9FF80BD80B540F2D030C2F223
:100C8000004001F0C1FF80BD83B00290029801686E
:100C900001201022C4F202029142009000F0A380D1
:100CA000FFE70298016801202822C4F20202914263
:100CB000009000F09880FFE7029801680120402230
:100CC000C4F202029142009000F08D80FFE702988A
:100CD000016801205822C4F202029142009000F003
:100CE0008280FFE70298016801207022C4F20202AC
:100CF0009142009077D0FFE7029801680120882296
:100D0000C4F20202914200906DD0FFE702980168A0
:100D10000120A022C4F202029142009063D0FFE7BA
:100D2000029801680120B822C4F2020291420090A8
:100D300059D0FFE702980168012040F21042C4F246
:100D40000202914200904ED0FFE702980168012014
:100D500040F22842C4F202029142009043D0FFE7E1
:100D600002980168012040F24042C4F2020291421E
:100D7000009038D0FFE702980168012040F2584205
:100D8000C4F20202914200902DD0FFE70298016860
:100D9000012040F27042C4F202029142009022D03F
:100DA000FFE702980168012040F28842C4F2020283
:100DB0009142009017D0FFE702980168012040F2AD
:100DC000A042C4F20202914200900CD0FFE70298C8
:100DD00000684FF64831CBF6FD710844B0FA80F058
:100DE00040090090FFE70098C00740B3FFE7029872
:100DF000007810384AF6AB21CAF6AA21A0FB0110F0
:100E000000090190019800F0070143F6FC40C0F68C
:100E10000100405C0299C8650198042807D3FFE7E8
:100E200002990868042262F30900886506E00299C5
:100E3000086840F2FF3290438865FFE705E00299B9
:100E4000086820F0FF008865FFE70298806D03B016
:100E5000704700000000000084B003900398006811
:100E6000019003980168012045F20842C5F602028C
:100E7000914200904ED0FFE703980168012045F2AF
:100E80001C42C5F602029142009043D0FFE703984E
:100E90000168012045F23042C5F6020291420090FD
:100EA00038D0FFE703980168012045F24442C5F6B7
:100EB0000202914200902DD0FFE7039801680120C3
:100EC00045F25842C5F602029142009022D0FFE757
:100ED00003980168012045F26C42C5F60202914276
:100EE000009017D0FFE703980168012045F2804287
:100EF000C5F60202914200900CD0FFE7039800680B
:100F00004AF66C31CAF2FD710844B0FA80F040092B
:100F10000090FFE70098C00710B3FFE70398007840
:100F200008384CF6CD41CCF6CC41A0FB01100009AD
:100F30000290029945F60000C5F6020000EB810020
:100F400003990866039945F68000C5F602004866D5
:100F5000029800F01F01012088400399886635E05F
:100F60000398007810384AF6AB21CAF6AA21A0FBF4
:100F7000011000090290019840F2B841C4F2020148
:100F800088420CD8FFE7019840F21041C4F20201F8
:100F9000884204D3FFE7029808300290FFE70299E5
:100FA00040F60000C4F2020000EB810003990866DD
:100FB000039940F68000C4F202004866029800F0EF
:100FC0001F010120884003998866FFE704B070473D
:100FD00083B002900298007901900198002800F0F7
:100FE0008A80FFE70198082800F28580FFE70298D1
:100FF0000168012045F20842C5F6020291420090C4
:101000004ED0FFE702980168012045F21C42C5F668
:1010100002029142009043D0FFE70298016801204C
:1010200045F23042C5F602029142009038D0FFE707
:1010300002980168012045F24442C5F6020291423D
:1010400000902DD0FFE702980168012045F2584238
:10105000C5F602029142009022D0FFE70298016893
:10106000012045F26C42C5F602029142009017D071
:10107000FFE702980168012045F28042C5F60202AE
:10108000914200900CD0FFE7029800684AF66C315C
:10109000CAF2FD710844B0FA80F040090090FFE701
:1010A0000098C00780B1FFE7019945F6FC00C5F63E
:1010B000020000EB81000299C866029945F64010D3
:1010C000C5F6020008670FE0019940F6FC00C4F283
:1010D000020000EB81000299C866029940F64010B8
:1010E000C4F202000867FFE70198411E0120884012
:1010F00002994867FFE703B0704700000000000056
:1011000085B0049000208DF80F000498806918BB0A
:10111000FFE70498806A029003281BD80299DFE851
:1011200001F0020D0218049890F82F00C00720B1BA
:10113000FFE701208DF80F00FFE70CE00498C06A7C
:10114000B0F1C07F04D1FFE701208DF80F00FFE769
:1011500001E000E0FFE747E004988069B0F5005F38
:1011600026D1FFE70498806A019003281ED80199D0
:10117000DFE801F00206021101208DF80F0016E0F1
:10118000049890F82F00C00720B1FFE701208DF8E8
:101190000F00FFE70BE00498C06AB0F1C07F04D1F4
:1011A000FFE701208DF80F00FFE700E0FFE71AE0FE
:1011B0000498806A0090032804D3FFE7009803286E
:1011C00004D00EE001208DF80F000BE0049890F899
:1011D0002F00C00720B1FFE701208DF80F00FFE7C7
:1011E00000E0FFE7FFE7FFE79DF80F0005B070475D
:1011F00089B008900791069205930898806D049035
:101200000898806D03900898016801201022C4F2AC
:1012100002029142029000F00381FFE70898016802
:1012200001202822C4F202029142029000F0F880CC
:10123000FFE70898016801204022C4F202029142AF
:10124000029000F0ED80FFE7089801680120582225
:10125000C4F202029142029000F0E280FFE7089897
:10126000016801207022C4F202029142029000F053
:10127000D780FFE70898016801208822C4F20202A3
:101280009142029000F0CC80FFE7089801680120AD
:10129000A022C4F202029142029000F0C180FFE756
:1012A000089801680120B822C4F20202914202901B
:1012B00000F0B680FFE708980168012040F2104274
:1012C000C4F202029142029000F0AA80FFE708985F
:1012D0000168012040F22842C4F2020291420290C9
:1012E00000F09E80FFE708980168012040F240422C
:1012F000C4F202029142029000F09280FFE7089847
:101300000168012040F25842C4F202029142029068
:1013100000F08680FFE708980168012040F27042E3
:10132000C4F20202914202907AD0FFE70898016865
:10133000012040F28842C4F20202914202906FD032
:10134000FFE708980168012040F2A042C4F20202BF
:101350009142029064D0FFE708980168012040F2B2
:10136000B842C4F202029142029059D0FFE70898B5
:101370000168012045F20842C5F60202914202903E
:101380004ED0FFE708980168012045F21C42C5F6DF
:1013900002029142029043D0FFE7089801680120C1
:1013A00045F23042C5F602029142029038D0FFE782
:1013B00008980168012045F24442C5F602029142B4
:1013C00002902DD0FFE708980168012045F25842AD
:1013D000C5F602029142029022D0FFE70898016808
:1013E000012045F26C42C5F602029142029017D0EC
:1013F000FFE708980168012045F28042C5F6020225
:10140000914202900CD0FFE7089800684AF66C31D0
:10141000CAF2FD710844B0FA80F040090290FFE77B
:101420000298C00770B1FFE70898416E806E48606F
:101430000898C06E28B1FFE70898016F406F4860B8
:10144000FFE7FFE70898016801201022C4F20202BA
:101450009142019000F0A380FFE708980168012005
:101460002822C4F202029142019000F09880FFE726
:101470000898016801204022C4F2020291420190C2
:1014800000F08D80FFE70898016801205822C4F21F
:1014900002029142019000F08280FFE70898016803
:1014A00001207022C4F202029142019077D0FFE73E
:1014B0000898016801208822C4F20202914201903A
:1014C0006DD0FFE7089801680120A022C4F2020253
:1014D0009142019063D0FFE7089801680120B8228B
:1014E000C4F202029142019059D0FFE708980168C6
:1014F000012040F21042C4F20202914201904ED00B
:10150000FFE708980168012040F22842C4F2020275
:101510009142019043D0FFE708980168012040F212
:101520004042C4F202029142019038D0FFE708988D
:101530000168012040F25842C4F202029142019037
:101540002DD0FFE708980168012040F27042C4F2F4
:1015500002029142019022D0FFE708980168012021
:1015600040F28842C4F202029142019017D0FFE794
:1015700008980168012040F2A042C4F202029142A0
:1015800001900CD0FFE7089800684FF64831CBF681
:10159000FD710844B0FA80F040090190FFE701981E
:1015A000C00750B3FFE70898C06D00F01F013F204F
:1015B00088400499886008980168086820F48020B1
:1015C000086005980899096848600898806840286C
:1015D00009D1FFE706980899096888600798089973
:1015E0000968C86008E00798089909688860069843
:1015F00008990968C860FFE782E00898016801203F
:1016000045F20842C5F60202914200904ED0FFE733
:1016100008980168012045F21C42C5F60202914279
:10162000009043D0FFE708980168012045F230425E
:10163000C5F602029142009038D0FFE70898016891
:10164000012045F24442C5F60202914200902DD09D
:10165000FFE708980168012045F25842C5F60202EA
:101660009142009022D0FFE708980168012045F2DE
:101670006C42C5F602029142009017D0FFE708982D
:101680000168012045F28042C5F6020291420090B5
:101690000CD0FFE7089800684AF66C31CAF2FD7179
:1016A0000844B0FA80F040090090FFE70098C007B6
:1016B00020B3FFE70898C06D00F01F0101208840AB
:1016C00003994860059808990968486008988068F7
:1016D000402809D1FFE706980899096888600798AB
:1016E00008990968C86008E007980899096888603F
:1016F000069808990968C860FFE700E0FFE7FFE780
:1017000009B070470000000082B001900020ADF8E1
:1017100002000198007835285ED1FFE70198807CAF
:10172000532859D1FFE701208DF80100FFE79DF80C
:101730000100102810DCFFE701989DF80110415CC2
:10174000BDF802000844ADF80200FFE79DF8010073
:1017500001308DF80100EAE79DF802000199497C0B
:10176000884238D1FFE701208DF80000FFE79DF89F
:101770000000102812DCFFE701989DF80010405C83
:1017800040F2B802C2F20042114401F8010CFFE736
:101790009DF8000001308DF80000E8E740F2B80045
:1017A000C2F20040C16840F24412C2F2004211602D
:1017B000016840F23C12C2F200421160416840F2FE
:1017C0004C12C2F200421160806840F25411C2F221
:1017D00000410860FFE7FFE702B07047000000002B
:1017E000704700000000000072B6FFE7FEE700004F
:1017F00044F60C01C5F60201086840F002000860DA
:10180000FFE744F60400C5F60200006880040028E3
:1018100001D4FFE7F5E7704780B540F2A440C2F27B
:10182000004003F0C1FD80BD80B584B06846002350
:101830000293036040F2A440C2F2004003901946B4
:101840001A4603F0E9FB029A0398012103F0F4FA27
:10185000039804F055FB04B080BD000000000000B8
:1018600084B002900298406B009002980068D0F813
:1018700084004FF6FC718843009940EA8100029988
:101880000968C1F8840002980068D0F8840020F448
:101890007F00029A1168926B40EA0240C1F884000E
:1018A0000298816B00980844009002980068D0F874
:1018B00088006FF38F00009940EA8100029909685F
:1018C000C1F8880002980068D0F8880020F4FE0073
:1018D000029A1168D26B40EA0240C1F8880002986F
:1018E000C16B009800EB4100009002980068D0F8AE
:1018F000A0006FF38F00009940EA81000299096807
:10190000C1F8A00002980068D0F8A00020F4FE0002
:10191000029A1168126C40EA0240C1F8A0000299D4
:10192000086C496C009A00FB012000900298006846
:10193000D0F8B0006FF38F00009940EA810002995F
:101940000968C1F8B00002980068D0F8B00020F42F
:10195000FE00029A1168926C40EA0240C1F8B000A1
:101960000299886CC96C009A00FB012000900298D3
:101970000068D0F8AC006FF38F00009940EA810056
:1019800002990968C1F8AC000299086D496D009A86
:1019900000FB0120009002980068D0F8F0006FF37F
:1019A0008F00009940EA810002990968C1F8F000AF
:1019B00002980068D0F8F00020F47C10029A1168B8
:1019C000926D40EA0240C1F8F0000298816D0098E3
:1019D00000EB4100009002980068D0F8C0006FF35F
:1019E0008F00009940EA810002990968C1F8C0009F
:1019F00002980068D0F8C00020F47C10029A1168A8
:101A0000D26D40EA0240C1F8C00002980068D0F8E8
:101A1000C00020F07C50029A1168126E40EA026009
:101A2000C1F8C00002994A6B4AF60040C4F20000B7
:101A300000EB8200C86602998A6BC86E00EB8200D8
:101A400008670299CA6B086F00EBC20048670299E9
:101A50000A6C4B6C486F5A4300EB8200886702990E
:101A60008A6CCB6C886F5A4300EB8200C86702997E
:101A70000A6D4B6DC86F5A4300EB8200C1F88000BD
:101A800002998A6DD1F8800000EBC200C1F8840091
:101A90000299CA6D8B6ED1F884005A4300EB820024
:101AA000C1F8880002990A6E8B6ED1F888005A43FB
:101AB00000EB8200C1F890000298D0F890004DF23F
:101AC000FD31C4F2000188420FD3FFE70299D1F83B
:101AD0009C0040F02000C1F89C000299032081F88E
:101AE000980001208DF80F0017E00298C06E019059
:101AF000FFE701980299D1F89010884208D2FFE7D9
:101B0000019900200860FFE7019804300190F0E798
:101B1000FFE700208DF80F00FFE79DF80F0004B0ED
:101B2000704700000000000088B007900691059201
:101B300004930698406848B9FFE7069801688268F0
:101B40000069104340EA8140039009E0069801686B
:101B5000826800691043084340F080400390FFE72B
:101B60000698D0F820C0C16842698369C06940EA1C
:101B70000C601843104340EA014002900798826EBF
:101B8000D0F884000499514300EB81000190039840
:101B90000199086001980430019002980199086049
:101BA00001980430019000200090FFE7009806990A
:101BB000CA6843F6EC41C0F60101895C88420DD247
:101BC000FFE7059800994058019908600198043092
:101BD0000190FFE7009804300090E7E708B07047F5
:101BE00080B58AB0089004F0EFFB0490089828B9FB
:101BF000FFE701208DF8270000F0AABC089890F8B4
:101C0000350002280ED0FFE7089980204865FFE7DD
:101C10000899002081F83400FFE701208DF82700A3
:101C200000F096BC089800681021C4F202018842B6
:101C300000F08180FFE7089800682821C4F20201C3
:101C4000884278D0FFE7089800684021C4F202017A
:101C5000884270D0FFE7089800685821C4F202015A
:101C6000884268D0FFE7089800687021C4F202013A
:101C7000884260D0FFE7089800688821C4F202011A
:101C8000884258D0FFE708980068A021C4F20201FA
:101C9000884250D0FFE708980068B821C4F20201DA
:101CA000884248D0FFE70898006840F21041C4F22B
:101CB000020188423FD0FFE70898006840F22841BF
:101CC000C4F20201884236D0FFE70898006840F26B
:101CD0004041C4F2020188422DD0FFE70898006815
:101CE00040F25841C4F20201884224D0FFE708982C
:101CF000006840F27041C4F2020188421BD0FFE745
:101D00000898006840F28841C4F20201884212D06B
:101D1000FFE70898006840F2A041C4F2020188423F
:101D200009D0FFE70898006840F2B841C4F2020108
:101D3000884207D1FFE708980168086820F0010091
:101D4000086006E008980168086820F00100086053
:101D5000FFE70898016801201022C4F202029142B4
:101D6000039000F0A380FFE7089801680120282273
:101D7000C4F202029142039000F09880FFE70898B5
:101D8000016801204022C4F202029142039000F057
:101D90008D80FFE70898016801205822C4F20202F2
:101DA0009142039000F08280FFE7089801680120CB
:101DB0007022C4F202029142039077D0FFE70898A4
:101DC000016801208822C4F20202914203906DD082
:101DD000FFE7089801680120A022C4F202029142A4
:101DE000039063D0FFE7089801680120B822C4F28D
:101DF00002029142039059D0FFE708980168012040
:101E000040F21042C4F20202914203904ED0FFE72A
:101E100008980168012040F22842C4F2020291426F
:101E2000039043D0FFE708980168012040F2404248
:101E3000C4F202029142039038D0FFE7089801688B
:101E4000012040F25842C4F20202914203902DD088
:101E5000FFE708980168012040F27042C4F20202D4
:101E60009142039022D0FFE708980168012040F2D8
:101E70008842C4F202029142039017D0FFE708980B
:101E80000168012040F2A042C4F202029142039094
:101E90000CD0FFE7089800684FF64831CBF6FD718B
:101EA0000844B0FA80F040090390FFE70398C007A8
:101EB00080B1FFE708980168086820F01E000860FC
:101EC00008980168486920F0800048610898006817
:101ED000059009E008980168086820F00E00086085
:101EE000089800680590FFE7089801680120102213
:101EF000C4F202029142029000F00381FFE70898C9
:101F0000016801202822C4F202029142029000F0EE
:101F1000F880FFE70898016801204022C4F202021D
:101F20009142029000F0ED80FFE7089801680120DF
:101F30005822C4F202029142029000F0E280FFE7D0
:101F40000898016801207022C4F2020291420290B6
:101F500000F0D780FFE70898016801208822C4F2CA
:101F600002029142029000F0CC80FFE708980168DD
:101F70000120A022C4F202029142029000F0C1802E
:101F8000FFE7089801680120B822C4F202029142DA
:101F9000029000F0B680FFE708980168012040F247
:101FA0001042C4F202029142029000F0AA80FFE7C0
:101FB00008980168012040F22842C4F202029142CE
:101FC000029000F09E80FFE708980168012040F22F
:101FD0004042C4F202029142029000F09280FFE778
:101FE00008980168012040F25842C4F2020291426E
:101FF000029000F08680FFE708980168012040F217
:102000007042C4F20202914202907AD0FFE708982F
:102010000168012040F28842C4F20202914202901B
:102020006FD0FFE708980168012040F2A042C4F297
:1020300002029142029064D0FFE7089801680120F3
:1020400040F2B842C4F202029142029059D0FFE736
:1020500008980168012045F20842C5F60202914243
:1020600002904ED0FFE708980168012045F21C421B
:10207000C5F602029142029043D0FFE7089801683A
:10208000012045F23042C5F602029142029038D05A
:10209000FFE708980168012045F24442C5F60202B4
:1020A000914202902DD0FFE708980168012045F287
:1020B0005842C5F602029142029022D0FFE70898EA
:1020C0000168012045F26C42C5F60202914202907D
:1020D00017D0FFE708980168012045F28042C5F655
:1020E0000202914202900CD0FFE7089800684AF67D
:1020F0006C31CAF2FD710844B0FA80F040090290D8
:10210000FFE70298C00738B1FFE70898016E08683A
:1021100020F480700860FFE7FFE705980068C007BB
:10212000C8B1FFE704F050F90499401A062811D30A
:10213000FFE70899202048650899032081F83500B9
:10214000FFE70899002081F83400FFE701208DF8AF
:102150002700FDE1E1E70898016801201022C4F2A0
:1021600002029142019000F0A380FFE70898016805
:1021700001202822C4F202029142019000F09880CE
:10218000FFE70898016801204022C4F20202914250
:10219000019000F08D80FFE7089801680120582227
:1021A000C4F202029142019000F08280FFE7089899
:1021B000016801207022C4F202029142019077D09E
:1021C000FFE70898016801208822C4F202029142C8
:1021D00001906DD0FFE7089801680120A022C4F2A9
:1021E00002029142019063D0FFE708980168012044
:1021F000B822C4F202029142019059D0FFE7089838
:102200000168012040F21042C4F2020291420190A2
:102210004ED0FFE708980168012040F22842C4F23E
:1022200002029142019043D0FFE708980168012023
:1022300040F24042C4F202029142019038D0FFE7DE
:1022400008980168012040F25842C4F2020291420B
:1022500001902DD0FFE708980168012040F27042FC
:10226000C4F202029142019022D0FFE7089801686F
:10227000012040F28842C4F202029142019017D03C
:10228000FFE708980168012040F2A042C4F2020270
:10229000914201900CD0FFE7089800684FF6483152
:1022A000CBF6FD710844B0FA80F040090190FFE7D9
:1022B0000198C00760B1FFE70898806D0790089803
:1022C000C06D00F01F013F208840079988600BE037
:1022D0000898806D06900898C06D00F01F010120DD
:1022E000884006994860FFE708980168012010229D
:1022F000C4F202029142009000F00381FFE70898C7
:10230000016801202822C4F202029142009000F0EC
:10231000F880FFE70898016801204022C4F2020219
:102320009142009000F0ED80FFE7089801680120DD
:102330005822C4F202029142009000F0E280FFE7CE
:102340000898016801207022C4F2020291420090B4
:1023500000F0D780FFE70898016801208822C4F2C6
:1023600002029142009000F0CC80FFE708980168DB
:102370000120A022C4F202029142009000F0C1802C
:10238000FFE7089801680120B822C4F202029142D6
:10239000009000F0B680FFE708980168012040F245
:1023A0001042C4F202029142009000F0AA80FFE7BE
:1023B00008980168012040F22842C4F202029142CA
:1023C000009000F09E80FFE708980168012040F22D
:1023D0004042C4F202029142009000F09280FFE776
:1023E00008980168012040F25842C4F2020291426A
:1023F000009000F08680FFE708980168012040F215
:102400007042C4F20202914200907AD0FFE708982D
:102410000168012040F28842C4F202029142009019
:102420006FD0FFE708980168012040F2A042C4F293
:1024300002029142009064D0FFE7089801680120F1
:1024400040F2B842C4F202029142009059D0FFE734
:1024500008980168012045F20842C5F6020291423F
:1024600000904ED0FFE708980168012045F21C4219
:10247000C5F602029142009043D0FFE70898016838
:10248000012045F23042C5F602029142009038D058
:10249000FFE708980168012045F24442C5F60202B0
:1024A000914200902DD0FFE708980168012045F285
:1024B0005842C5F602029142009022D0FFE70898E8
:1024C0000168012045F26C42C5F60202914200907B
:1024D00017D0FFE708980168012045F28042C5F651
:1024E0000202914200900CD0FFE7089800684AF67B
:1024F0006C31CAF2FD710844B0FA80F040090090D6
:10250000FFE70098C007A0B1FFE70898416E806E12
:1025100048600898C06E58B1FFE70898C16E086817
:1025200020F4807008600898016F406F4860FFE7F2
:10253000FFE70899012081F83500FFE7089900209E
:1025400081F83400FFE7FFE700208DF82700FFE760
:102550009DF827000AB080BD80B586B0049004982D
:1025600020B9FFE701208DF8170046E3049890F8A2
:102570003500022807D0FFE7049980204865012034
:102580008DF8170039E30498016801201022C4F285
:1025900002029142029000F0A380FFE704980168D4
:1025A00001202822C4F202029142029000F0988099
:1025B000FFE70498016801204022C4F20202914220
:1025C000029000F08D80FFE70498016801205822F6
:1025D000C4F202029142029000F08280FFE7049868
:1025E000016801207022C4F202029142029077D069
:1025F000FFE70498016801208822C4F20202914298
:1026000002906DD0FFE7049801680120A022C4F277
:1026100002029142029063D0FFE704980168012012
:10262000B822C4F202029142029059D0FFE7049806
:102630000168012040F21042C4F20202914202906D
:102640004ED0FFE704980168012040F22842C4F20E
:1026500002029142029043D0FFE7049801680120F2
:1026600040F24042C4F202029142029038D0FFE7A9
:1026700004980168012040F25842C4F202029142DB
:1026800002902DD0FFE704980168012040F27042CB
:10269000C4F202029142029022D0FFE7049801683E
:1026A000012040F28842C4F202029142029017D007
:1026B000FFE704980168012040F2A042C4F2020240
:1026C000914202900CD0FFE7049800684FF6483121
:1026D000CBF6FD710844B0FA80F040090290FFE7A4
:1026E0000298C007002800F09D80FFE704990420AD
:1026F00081F83500049800681021C4F20201884274
:1027000000F08180FFE7049800682821C4F20201EC
:10271000884278D0FFE7049800684021C4F20201A3
:10272000884270D0FFE7049800685821C4F2020183
:10273000884268D0FFE7049800687021C4F2020163
:10274000884260D0FFE7049800688821C4F2020143
:10275000884258D0FFE704980068A021C4F2020123
:10276000884250D0FFE704980068B821C4F2020103
:10277000884248D0FFE70498006840F21041C4F254
:10278000020188423FD0FFE70498006840F22841E8
:10279000C4F20201884236D0FFE70498006840F294
:1027A0004041C4F2020188422DD0FFE7049800683E
:1027B00040F25841C4F20201884224D0FFE7049855
:1027C000006840F27041C4F2020188421BD0FFE76A
:1027D0000498006840F28841C4F20201884212D095
:1027E000FFE70498006840F2A041C4F20201884269
:1027F00009D0FFE70498006840F2B841C4F2020132
:10280000884207D1FFE704980168086820F00100BA
:10281000086006E004980168086820F0010008607C
:10282000FFE7E5E1049800681021C4F20201884244
:1028300000F08180FFE7049800682821C4F20201BB
:10284000884278D0FFE7049800684021C4F2020172
:10285000884270D0FFE7049800685821C4F2020152
:10286000884268D0FFE7049800687021C4F2020132
:10287000884260D0FFE7049800688821C4F2020112
:10288000884258D0FFE704980068A021C4F20201F2
:10289000884250D0FFE704980068B821C4F20201D2
:1028A000884248D0FFE70498006840F21041C4F223
:1028B000020188423FD0FFE70498006840F22841B7
:1028C000C4F20201884236D0FFE70498006840F263
:1028D0004041C4F2020188422DD0FFE7049800680D
:1028E00040F25841C4F20201884224D0FFE7049824
:1028F000006840F27041C4F2020188421BD0FFE739
:102900000498006840F28841C4F20201884212D063
:10291000FFE70498006840F2A041C4F20201884237
:1029200009D0FFE70498006840F2B841C4F2020100
:10293000884207D1FFE704980168086820F0010089
:10294000086006E004980168086820F0010008604B
:10295000FFE704980168086820F00E0008600498FA
:10296000016801201022C4F202029142019000F09D
:102970000381FFE70498016801202822C4F20202C3
:102980009142019000F0F880FFE70498016801206F
:102990004022C4F202029142019000F0ED80FFE774
:1029A0000498016801205822C4F202029142019069
:1029B00000F0E280FFE70498016801207022C4F271
:1029C00002029142019000F0D780FFE7049801686D
:1029D00001208822C4F202029142019000F0CC80D2
:1029E000FFE7049801680120A022C4F2020291428C
:1029F000019000F0C180FFE7049801680120B8222F
:102A0000C4F202029142019000F0B680FFE7049800
:102A10000168012040F21042C4F20202914201908A
:102A200000F0AA80FFE704980168012040F22842E4
:102A3000C4F202029142019000F09E80FFE70498E8
:102A40000168012040F24042C4F20202914201902A
:102A500000F09280FFE704980168012040F258429C
:102A6000C4F202029142019000F08680FFE70498D0
:102A70000168012040F27042C4F2020291420190CA
:102A80007AD0FFE704980168012040F28842C4F23E
:102A90000202914201906FD0FFE704980168012083
:102AA00040F2A042C4F202029142019064D0FFE7DA
:102AB00004980168012040F2B842C4F20202914237
:102AC000019059D0FFE704980168012045F20842BF
:102AD000C5F60202914201904ED0FFE704980168CA
:102AE000012045F21C42C5F602029142019043D0FA
:102AF000FFE704980168012045F23042C5F6020262
:102B00009142019038D0FFE704980168012045F216
:102B10004442C5F60202914201902DD0FFE704988D
:102B20000168012045F25842C5F602029142019027
:102B300022D0FFE704980168012045F26C42C5F6F7
:102B400002029142019017D0FFE70498016801202A
:102B500045F28042C5F60202914201900CD0FFE797
:102B6000049800684AF66C31CAF2FD710844B0FA64
:102B700080F040090190FFE70198C00728B3FFE704
:102B80000498016E086820F4807008600498806DD5
:102B900003900498C06D00F01F0101208840039944
:102BA00048600498416E806E48600498C06E58B1C9
:102BB000FFE70498C16E086820F4807008600498EC
:102BC000016F406F4860FFE7FFE70499012081F83B
:102BD0003500FFE70499002081F83400FFE70498EE
:102BE000006D20B1FFE70498016D8847FFE7FFE71C
:102BF000FFE700208DF81700FFE79DF8170006B0EB
:102C000080BD00000000000080B590B00F90002053
:102C10000B9040F20000C2F20040006848F2B5118B
:102C2000C1F64E31A0FB0110800A0A900F98806D0A
:102C300009900F98806D0890099800680E90089888
:102C400000680D900F98016801201022C4F2020262
:102C50009142079000F0A380FFE70F9801680120E0
:102C60002822C4F202029142079000F09880FFE708
:102C70000F98016801204022C4F20202914207909D
:102C800000F08D80FFE70F98016801205822C4F200
:102C900002029142079000F08280FFE70F980168DE
:102CA00001207022C4F202029142079077D0FFE720
:102CB0000F98016801208822C4F202029142079015
:102CC0006DD0FFE70F9801680120A022C4F2020234
:102CD0009142079063D0FFE70F9801680120B82266
:102CE000C4F202029142079059D0FFE70F980168A1
:102CF000012040F21042C4F20202914207904ED0ED
:102D0000FFE70F980168012040F22842C4F2020256
:102D10009142079043D0FFE70F980168012040F2ED
:102D20004042C4F202029142079038D0FFE70F9868
:102D30000168012040F25842C4F202029142079019
:102D40002DD0FFE70F980168012040F27042C4F2D5
:102D500002029142079022D0FFE70F9801680120FC
:102D600040F28842C4F202029142079017D0FFE776
:102D70000F980168012040F2A042C4F20202914281
:102D800007900CD0FFE70F9800684FF64831CBF65C
:102D9000FD710844B0FA80F040090790FFE70798FA
:102DA000C007002800F01385FFE70E980F99C96D42
:102DB00001F01F01C8400007002840F1B080FFE784
:102DC0000F9800681021C4F20201884200F081804F
:102DD000FFE70F9800682821C4F20201884278D0EA
:102DE000FFE70F9800684021C4F20201884270D0CA
:102DF000FFE70F9800685821C4F20201884268D0AA
:102E0000FFE70F9800687021C4F20201884260D089
:102E1000FFE70F9800688821C4F20201884258D069
:102E2000FFE70F980068A021C4F20201884250D049
:102E3000FFE70F980068B821C4F20201884248D029
:102E4000FFE70F98006840F21041C4F20201884287
:102E50003FD0FFE70F98006840F22841C4F202011A
:102E6000884236D0FFE70F98006840F24041C4F234
:102E7000020188422DD0FFE70F98006840F25841C8
:102E8000C4F20201884224D0FFE70F98006840F2A4
:102E90007041C4F2020188421BD0FFE70F9800681E
:102EA00040F28841C4F20201884212D0FFE70F9835
:102EB000006840F2A041C4F20201884209D0FFE755
:102EC0000F98006840F2B841C4F20201884207D16D
:102ED000FFE70F980068006800F00400069006E025
:102EE0000F980068006800F008000690FFE7069859
:102EF000A0B1FFE70F980168086820F0040008609F
:102F00000F98C06D00F01F01082088400999886063
:102F10000F99486D40F001004865FFE7FFE70E9804
:102F20000F99C96D01F01F01C840C007002800F0CB
:102F3000A980FFE70F9800681021C4F202018842BF
:102F400000F08180FFE70F9800682821C4F2020199
:102F5000884278D0FFE70F9800684021C4F2020150
:102F6000884270D0FFE70F9800685821C4F2020130
:102F7000884268D0FFE70F9800687021C4F2020110
:102F8000884260D0FFE70F9800688821C4F20201F0
:102F9000884258D0FFE70F980068A021C4F20201D0
:102FA000884250D0FFE70F980068B821C4F20201B0
:102FB000884248D0FFE70F98006840F21041C4F201
:102FC000020188423FD0FFE70F98006840F2284195
:102FD000C4F20201884236D0FFE70F98006840F241
:102FE0004041C4F2020188422DD0FFE70F980068EB
:102FF00040F25841C4F20201884224D0FFE70F9802
:10300000006840F27041C4F2020188421BD0FFE721
:103010000F98006840F28841C4F20201884212D041
:10302000FFE70F98006840F2A041C4F20201884215
:1030300009D0FFE70F98006840F2B841C4F20201DE
:10304000884207D1FFE70F980068406900F08000D0
:10305000059005E00F980068006800200590FFE7E4
:10306000059870B1FFE70F98C06D00F01F010120B7
:103070008840099988600F99486D40F002004865C2
:10308000FFE7FFE70E980F99C96D01F01F01C840D7
:103090004007002840F1A980FFE70F980068102141
:1030A000C4F20201884200F08180FFE70F980068B7
:1030B0002821C4F20201884278D0FFE70F98006807
:1030C0004021C4F20201884270D0FFE70F980068E7
:1030D0005821C4F20201884268D0FFE70F980068C7
:1030E0007021C4F20201884260D0FFE70F980068A7
:1030F0008821C4F20201884258D0FFE70F98006887
:10310000A021C4F20201884250D0FFE70F98006866
:10311000B821C4F20201884248D0FFE70F98006846
:1031200040F21041C4F2020188423FD0FFE70F98FD
:10313000006840F22841C4F20201884236D0FFE71D
:103140000F98006840F24041C4F2020188422DD03D
:10315000FFE70F98006840F25841C4F2020188422C
:1031600024D0FFE70F98006840F27041C4F20201DA
:1031700088421BD0FFE70F98006840F28841C4F2F4
:103180000201884212D0FFE70F98006840F2A04188
:10319000C4F20201884209D0FFE70F98006840F2AC
:1031A000B841C4F20201884207D1FFE70F980068D6
:1031B000006800F00200049005E00F9800680068C5
:1031C00000200490FFE7049870B1FFE70F98C06DEE
:1031D00000F01F0104208840099988600F99486D0C
:1031E00040F004004865FFE7FFE70E980F99C96DAE
:1031F00001F01F01C840C006002840F1DE80FFE753
:103200000F9800681021C4F20201884200F081800A
:10321000FFE70F9800682821C4F20201884278D0A5
:10322000FFE70F9800684021C4F20201884270D085
:10323000FFE70F9800685821C4F20201884268D065
:10324000FFE70F9800687021C4F20201884260D045
:10325000FFE70F9800688821C4F20201884258D025
:10326000FFE70F980068A021C4F20201884250D005
:10327000FFE70F980068B821C4F20201884248D0E5
:10328000FFE70F98006840F21041C4F20201884243
:103290003FD0FFE70F98006840F22841C4F20201D6
:1032A000884236D0FFE70F98006840F24041C4F2F0
:1032B000020188422DD0FFE70F98006840F2584184
:1032C000C4F20201884224D0FFE70F98006840F260
:1032D0007041C4F2020188421BD0FFE70F980068DA
:1032E00040F28841C4F20201884212D0FFE70F98F1
:1032F000006840F2A041C4F20201884209D0FFE711
:103300000F98006840F2B841C4F20201884207D128
:10331000FFE70F980068006800F00800039006E0DF
:103320000F980068006800F004000390FFE703981E
:10333000002841D0FFE70F98C06D00F01F0110205A
:103340008840099988600F98006800684003002849
:103350001AD5FFE70F98006800680003002809D419
:10336000FFE70F98006C20B1FFE70F98016C8847CA
:10337000FFE708E00F98806C20B1FFE70F98816CA1
:103380008847FFE7FFE716E00F9800680068C00570
:10339000002807D4FFE70F980168086820F00800AC
:1033A0000860FFE70F98006C20B1FFE70F98016CF1
:1033B0008847FFE7FFE7FFE7FFE70E980F99C96D22
:1033C00001F01F01C8408006002840F12681FFE778
:1033D0000F9800681021C4F20201884200F0818039
:1033E000FFE70F9800682821C4F20201884278D0D4
:1033F000FFE70F9800684021C4F20201884270D0B4
:10340000FFE70F9800685821C4F20201884268D093
:10341000FFE70F9800687021C4F20201884260D073
:10342000FFE70F9800688821C4F20201884258D053
:10343000FFE70F980068A021C4F20201884250D033
:10344000FFE70F980068B821C4F20201884248D013
:10345000FFE70F98006840F21041C4F20201884271
:103460003FD0FFE70F98006840F22841C4F2020104
:10347000884236D0FFE70F98006840F24041C4F21E
:10348000020188422DD0FFE70F98006840F25841B2
:10349000C4F20201884224D0FFE70F98006840F28E
:1034A0007041C4F2020188421BD0FFE70F98006808
:1034B00040F28841C4F20201884212D0FFE70F981F
:1034C000006840F2A041C4F20201884209D0FFE73F
:1034D0000F98006840F2B841C4F20201884207D157
:1034E000FFE70F980068006800F01000029006E007
:1034F0000F980068006800F002000290FFE7029851
:10350000002800F08980FFE70F98C06D00F01F01D0
:1035100020208840099988600F9890F83500042889
:1035200037D1FFE70F980168086820F0160008609F
:103530000F980168486920F0800048610F98006C7E
:1035400020B9FFE70F98806C38B1FFE70F9801684A
:10355000086820F008000860FFE70F98C06D00F0D1
:103560001F013F208840099988600F99012081F848
:103570003500FFE70F99002081F83400FFE70F982E
:10358000006D20B1FFE70F98016D8847FFE700F05D
:1035900019BC0F9800680068400300281AD5FFE79F
:1035A0000F98006800680003002809D5FFE70F980E
:1035B000406C20B1FFE70F98416C8847FFE708E0B7
:1035C0000F98C06B20B1FFE70F98C16B8847FFE7EA
:1035D000FFE720E00F9800680068C005002811D4BC
:1035E000FFE70F980168086820F0100008600F9945
:1035F000012081F83500FFE70F99002081F83400A1
:10360000FFE7FFE70F98C06B20B1FFE70F98C16B92
:103610008847FFE7FFE7FFE7FFE70F98406D0028C7
:1036200000F0D480FFE70F98406DC007002800F03D
:10363000C480FFE70F99042081F835000F980068D7
:103640001021C4F20201884200F08180FFE70F9848
:1036500000682821C4F20201884278D0FFE70F9861
:1036600000684021C4F20201884270D0FFE70F9841
:1036700000685821C4F20201884268D0FFE70F9821
:1036800000687021C4F20201884260D0FFE70F9801
:1036900000688821C4F20201884258D0FFE70F98E1
:1036A0000068A021C4F20201884250D0FFE70F98C1
:1036B0000068B821C4F20201884248D0FFE70F98A1
:1036C000006840F21041C4F2020188423FD0FFE797
:1036D0000F98006840F22841C4F20201884236D0B7
:1036E000FFE70F98006840F24041C4F202018842AF
:1036F0002DD0FFE70F98006840F25841C4F2020154
:10370000884224D0FFE70F98006840F27041C4F26D
:10371000020188421BD0FFE70F98006840F2884101
:10372000C4F20201884212D0FFE70F98006840F20D
:10373000A041C4F20201884209D0FFE70F98006857
:1037400040F2B841C4F20201884207D1FFE70F9866
:103750000168086820F00100086006E00F98016821
:10376000086820F001000860FFE7FFE70B980130D0
:103770000B900A99884201D9FFE707E0FFE70F980D
:1037800000680068C0070028F0D1FFE70F980068C4
:103790000068C00728B1FFE70F99032081F83500C2
:1037A00004E00F99012081F83500FFE7FFE70F994A
:1037B000002081F83400FFE7FFE70F98C06C20B1CC
:1037C000FFE70F98C16C8847FFE7FFE7FAE20F9821
:1037D0000168012045F20842C5F6020291420190BB
:1037E0004ED0FFE70F980168012045F21C42C5F654
:1037F00002029142019043D0FFE70F980168012037
:1038000045F23042C5F602029142019038D0FFE7FE
:103810000F980168012045F24442C5F60202914228
:1038200001902DD0FFE70F980168012045F2584222
:10383000C5F602029142019022D0FFE70F9801687D
:10384000012045F26C42C5F602029142019017D068
:10385000FFE70F980168012045F28042C5F6020299
:10386000914201900CD0FFE70F9800684AF66C3146
:10387000CAF2FD710844B0FA80F040090190FFE7F8
:103880000198C007002800F09B82FFE70F980068AE
:1038900000680C900D980F99C96D01F01F01C84088
:1038A0004007002840F1D780FFE79DF8300040072F
:1038B000002840F1D080FFE70F98C06D00F01F0195
:1038C00004208840089948609DF8310000060028CF
:1038D00018D5FFE79DF83200C00748B1FFE70F9801
:1038E000806C20B1FFE70F98816C8847FFE708E004
:1038F0000F98006C20B1FFE70F98016C8847FFE735
:10390000FFE7A7E09DF830008006002800F19980CD
:10391000FFE70F9800681021C4F20201884200F00E
:103920008180FFE70F9800682821C4F202018842D5
:1039300078D0FFE70F9800684021C4F20201884266
:1039400070D0FFE70F9800685821C4F20201884246
:1039500068D0FFE70F9800687021C4F20201884226
:1039600060D0FFE70F9800688821C4F20201884206
:1039700058D0FFE70F980068A021C4F202018842E6
:1039800050D0FFE70F980068B821C4F202018842C6
:1039900048D0FFE70F98006840F21041C4F20201DE
:1039A00088423FD0FFE70F98006840F22841C4F2F8
:1039B0000201884236D0FFE70F98006840F240418C
:1039C000C4F2020188422DD0FFE70F98006840F250
:1039D0005841C4F20201884224D0FFE70F980068E2
:1039E00040F27041C4F2020188421BD0FFE70F98F9
:1039F000006840F28841C4F20201884212D0FFE719
:103A00000F98006840F2A041C4F20201884209D038
:103A1000FFE70F98006840F2B841C4F20201884203
:103A200007D1FFE70F980168086820F008000860D8
:103A300006E00F980168086820F004000860FFE7BE
:103A4000FFE70F98006C20B1FFE70F98016C8847E3
:103A5000FFE7FFE7B3E10D980F99C96D01F01F0172
:103A6000C8408007002840F1E180FFE79DF8300062
:103A70008007002840F1DA80FFE70F98C06D00F062
:103A80001F0102208840089948609DF83100000617
:103A9000002818D5FFE79DF83200C00748B9FFE7B6
:103AA0000F98406C20B1FFE70F98416C8847FFE703
:103AB00008E00F98C06B20B1FFE70F98C16B8847F3
:103AC000FFE7FFE7B1E09DF830008006002800F135
:103AD000A380FFE70F9800681021C4F2020188421A
:103AE00000F08180FFE70F9800682821C4F20201EE
:103AF000884278D0FFE70F9800684021C4F20201A5
:103B0000884270D0FFE70F9800685821C4F2020184
:103B1000884268D0FFE70F9800687021C4F2020164
:103B2000884260D0FFE70F9800688821C4F2020144
:103B3000884258D0FFE70F980068A021C4F2020124
:103B4000884250D0FFE70F980068B821C4F2020104
:103B5000884248D0FFE70F98006840F21041C4F255
:103B6000020188423FD0FFE70F98006840F22841E9
:103B7000C4F20201884236D0FFE70F98006840F295
:103B80004041C4F2020188422DD0FFE70F9800683F
:103B900040F25841C4F20201884224D0FFE70F9856
:103BA000006840F27041C4F2020188421BD0FFE776
:103BB0000F98006840F28841C4F20201884212D096
:103BC000FFE70F98006840F2A041C4F2020188426A
:103BD00009D0FFE70F98006840F2B841C4F2020133
:103BE000884207D1FFE70F980168086820F01400A9
:103BF000086006E00F980168086820F00A00086075
:103C0000FFE70F99012081F83500FFE70F990020A9
:103C100081F83400FFE7FFE70F98C06B20B1FFE7A2
:103C20000F98C16B8847FFE7FFE7C7E00D980F9932
:103C3000C96D01F01F01C8400007002840F1BC8099
:103C4000FFE79DF830000007002840F1B580FFE74E
:103C50000F9800681021C4F20201884200F08180B0
:103C6000FFE70F9800682821C4F20201884278D04B
:103C7000FFE70F9800684021C4F20201884270D02B
:103C8000FFE70F9800685821C4F20201884268D00B
:103C9000FFE70F9800687021C4F20201884260D0EB
:103CA000FFE70F9800688821C4F20201884258D0CB
:103CB000FFE70F980068A021C4F20201884250D0AB
:103CC000FFE70F980068B821C4F20201884248D08B
:103CD000FFE70F98006840F21041C4F202018842E9
:103CE0003FD0FFE70F98006840F22841C4F202017C
:103CF000884236D0FFE70F98006840F24041C4F296
:103D0000020188422DD0FFE70F98006840F2584129
:103D1000C4F20201884224D0FFE70F98006840F205
:103D20007041C4F2020188421BD0FFE70F9800687F
:103D300040F28841C4F20201884212D0FFE70F9896
:103D4000006840F2A041C4F20201884209D0FFE7B6
:103D50000F98006840F2B841C4F20201884207D1CE
:103D6000FFE70F980168086820F01C00086006E073
:103D70000F980168086820F00E000860FFE70F98B0
:103D8000C06D00F01F01012000FA01F1089A516096
:103D90000F9948650F9981F83500FFE70F990020CA
:103DA00081F83400FFE70F98C06C20B1FFE70F984F
:103DB000C16C8847FFE700E0FFE7FFE7FFE700E0AF
:103DC000FFE7FFE710B080BD80B58EB00C9002F029
:103DD000FBFA0A900C9828B9FFE701208DF837000C
:103DE00000F09FBC0C98016801201022C4F202026E
:103DF0009142079000F0A380FFE70C980168012032
:103E00002822C4F202029142079000F09880FFE756
:103E10000C98016801204022C4F2020291420790EE
:103E200000F08D80FFE70C98016801205822C4F251
:103E300002029142079000F08280FFE70C9801682F
:103E400001207022C4F202029142079077D0FFE76E
:103E50000C98016801208822C4F202029142079066
:103E60006DD0FFE70C9801680120A022C4F2020285
:103E70009142079063D0FFE70C9801680120B822B7
:103E8000C4F202029142079059D0FFE70C980168F2
:103E9000012040F21042C4F20202914207904ED03B
:103EA000FFE70C980168012040F22842C4F20202A8
:103EB0009142079043D0FFE70C980168012040F23F
:103EC0004042C4F202029142079038D0FFE70C98BA
:103ED0000168012040F25842C4F202029142079068
:103EE0002DD0FFE70C980168012040F27042C4F227
:103EF00002029142079022D0FFE70C98016801204E
:103F000040F28842C4F202029142079017D0FFE7C4
:103F10000C980168012040F2A042C4F202029142D2
:103F200007900CD0FFE70C9800684FF64831CBF6AD
:103F3000FD710844B0FA80F040090790FFE7079848
:103F4000C007002800F07881FFE70C98406A08B1AC
:103F5000FFE7FFE70C99022081F83500FFE70C9995
:103F6000002081F83400FFE70C9800681021C4F2AB
:103F70000201884200F08180FFE70C980068282148
:103F8000C4F20201884278D0FFE70C980068402113
:103F9000C4F20201884270D0FFE70C9800685821F3
:103FA000C4F20201884268D0FFE70C9800687021D3
:103FB000C4F20201884260D0FFE70C9800688821B3
:103FC000C4F20201884258D0FFE70C980068A02193
:103FD000C4F20201884250D0FFE70C980068B82173
:103FE000C4F20201884248D0FFE70C98006840F212
:103FF0001041C4F2020188423FD0FFE70C980068EC
:1040000040F22841C4F20201884236D0FFE70C9802
:10401000006840F24041C4F2020188422DD0FFE71F
:104020000C98006840F25841C4F20201884224D042
:10403000FFE70C98006840F27041C4F20201884228
:104040001BD0FFE70C98006840F28841C4F20201DF
:10405000884212D0FFE70C98006840F2A041C4F2F9
:104060000201884209D0FFE70C98006840F2B8418D
:10407000C4F20201884207D1FFE70C980168086882
:1040800020F00100086006E00C980168086820F044
:1040900001000860FFE7FFE70C9800680068C007B0
:1040A00098B1FFE702F090F90A99401A06280BD35D
:1040B000FFE70C99202048650C99032081F8350012
:1040C00001208DF837002CE3E6E70C9800680068C3
:1040D0000B900B9848F23F01CFF6106108400B900F
:1040E0000C998868D1F80CC00B694A6940EA0C0049
:1040F000184310438A691043CA691043096A01438F
:104100000B9808430B900C98406A042808D1FFE7ED
:104110000C99C86A096B01430B9808430B90FFE7A1
:104120000C984068292807D3FFE70C9841680120C4
:104130002F29069036D3FFE70C9840683F2807D315
:10414000FFE70C9841680120432906902AD3FFE736
:104150000C984068472807D3FFE70C984168012076
:10416000492906901ED3FFE70C9840684F2807D3D3
:10417000FFE70C98416801205329069012D3FFE70E
:104180000C98416800207429059008D3FFE70C982B
:1041900041680020782938BF01200590FFE7059885
:1041A0000690FFE70698C00728B1FFE70B9840F498
:1041B00080100B90FFE70B980C99096808600C9829
:1041C000006840690B900B9820F007000B900C984A
:1041D000416A0B9808430B900C98406A04281AD146
:1041E000FFE70C98816A0B9808430B900C98C06A03
:1041F00080B1FFE70C98FCF783FF50B1FFE70C9903
:10420000402048650C99012081F835008DF8370071
:1042100087E2FFE7FFE70B980C99096848610C9863
:10422000FCF732FD09900C98C06D00F01F013F2093
:1042300088400999886027E10C980168012045F2BF
:104240000842C5F60202914204904ED0FFE70C9856
:104250000168012045F21C42C5F602029142049019
:1042600043D0FFE70C980168012045F23042C5F6C3
:1042700002029142049038D0FFE70C9801680120B7
:1042800045F24442C5F60202914204902DD0FFE768
:104290000C980168012045F25842C5F6020291428D
:1042A000049022D0FFE70C980168012045F26C428F
:1042B000C5F602029142049017D0FFE70C980168FE
:1042C000012045F28042C5F60202914204900CD0D2
:1042D000FFE70C9800684AF66C31CAF2FD71084499
:1042E000B0FA80F040090490FFE70498C007002866
:1042F00000F0BE80FFE70C980168012045F20842FB
:10430000C5F60202914203904ED0FFE70C98016877
:10431000012045F21C42C5F602029142039043D0AF
:10432000FFE70C980168012045F23042C5F6020211
:104330009142039038D0FFE70C980168012045F2C4
:104340004442C5F60202914203902DD0FFE70C983B
:104350000168012045F25842C5F6020291420390DD
:1043600022D0FFE70C980168012045F26C42C5F6A7
:1043700002029142039017D0FFE70C9801680120D8
:1043800045F28042C5F60202914203900CD0FFE74D
:104390000C9800684AF66C31CAF2FD710844B0FA14
:1043A00080F040090390FFE70398C00708B1FFE7DA
:1043B000FFE70C99022081F83500FFE70C990020F7
:1043C00081F83400FFE70C98006800680B900B98A8
:1043D0006FF310100B900C988068402803D1FFE712
:1043E0001020029008E00C9880688038B0FA80F0C5
:1043F000400980030290FFE702980C99D1F80CE085
:10440000D1F810C04B698A6940EADE0040EADC005E
:1044100040EAD30040EAD200CA6940EAD200096A01
:1044200040EA11110B9808430B900B980C990968FE
:1044300008600C9908684AF6F832CAF2FD72104416
:104440004CF6CD42CCF6CC42A0FB02026FF003004A
:1044500000EA9200C8650C98FCF716FC08900C98CE
:10446000C06D00F01F0101208840089948600AE0F3
:104470000C99402048650C99032081F835000120F3
:104480008DF837004DE1FFE70C98016801201022FC
:10449000C4F202029142019000F00381FFE70C9800
:1044A000016801202822C4F202029142019000F02A
:1044B000F880FFE70C98016801204022C4F2020254
:1044C0009142019000F0ED80FFE70C980168012017
:1044D0005822C4F202029142019000F0E280FFE70C
:1044E0000C98016801207022C4F2020291420190EE
:1044F00000F0D780FFE70C98016801208822C4F201
:1045000002029142019000F0CC80FFE70C98016814
:104510000120A022C4F202029142019000F0C18069
:10452000FFE70C9801680120B822C4F20202914210
:10453000019000F0B680FFE70C980168012040F27E
:104540001042C4F202029142019000F0AA80FFE7FB
:104550000C980168012040F22842C4F20202914204
:10456000019000F09E80FFE70C980168012040F266
:104570004042C4F202029142019000F09280FFE7B3
:104580000C980168012040F25842C4F202029142A4
:10459000019000F08680FFE70C980168012040F24E
:1045A0007042C4F20202914201907AD0FFE70C9867
:1045B0000168012040F28842C4F202029142019057
:1045C0006FD0FFE70C980168012040F2A042C4F2CE
:1045D00002029142019064D0FFE70C98016801202B
:1045E00040F2B842C4F202029142019059D0FFE772
:1045F0000C980168012045F20842C5F6020291427A
:1046000001904ED0FFE70C980168012045F21C4252
:10461000C5F602029142019043D0FFE70C98016871
:10462000012045F23042C5F602029142019038D095
:10463000FFE70C980168012045F24442C5F60202EA
:10464000914201902DD0FFE70C980168012045F2BE
:104650005842C5F602029142019022D0FFE70C9821
:104660000168012045F26C42C5F6020291420190B8
:1046700017D0FFE70C980168012045F28042C5F68B
:104680000202914201900CD0FFE70C9800684AF6B4
:104690006C31CAF2FD710844B0FA80F04009019013
:1046A000FFE70198C00790B3FFE70C98FCF7D4FB35
:1046B0000C988068802804D1FFE70C99002048609E
:1046C000FFE70C990879096E08600C98416E806EBE
:1046D00048600C98406888B1FFE70C98406808284B
:1046E0000CD8FFE70C98FCF773FC0C98C16E002007
:1046F00008600C98016F406F486007E00C9900203B
:10470000C8660C9908670C994867FFE7FFE70C99A2
:10471000002048650C9A012182F835108DF8370089
:10472000FFE79DF837000EB080BD000000000000DC
:1047300080B588B0069005910492039300208DF80F
:104740000B00069820B9FFE701208DF81F006CE3ED
:10475000FFE7069890F83400012804D1FFE7022013
:104760008DF81F0061E30699012081F83400FFE70E
:10477000FFE7069890F83500012840F04383FFE7F3
:104780000699022081F835000699002048650698B0
:1047900000681021C4F20201884200F08180FFE726
:1047A000069800682821C4F20201884278D0FFE709
:1047B000069800684021C4F20201884270D0FFE7E9
:1047C000069800685821C4F20201884268D0FFE7C9
:1047D000069800687021C4F20201884260D0FFE7A9
:1047E000069800688821C4F20201884258D0FFE789
:1047F00006980068A021C4F20201884250D0FFE769
:1048000006980068B821C4F20201884248D0FFE748
:104810000698006840F21041C4F2020188423FD07D
:10482000FFE70698006840F22841C4F2020188427E
:1048300036D0FFE70698006840F24041C4F202011A
:1048400088422DD0FFE70698006840F25841C4F234
:104850000201884224D0FFE70698006840F27041C8
:10486000C4F2020188421BD0FFE70698006840F2BC
:104870008841C4F20201884212D0FFE7069800681E
:1048800040F2A041C4F20201884209D0FFE7069835
:10489000006840F2B841C4F20201884207D1FFE744
:1048A00006980168086820F00100086006E0069894
:1048B0000168086820F001000860FFE70698059984
:1048C000049A039BFCF794FC0698016801201022CF
:1048D000C4F202029142019000F0A380FFE7069823
:1048E000016801202822C4F202029142019000F0E6
:1048F0009880FFE70698016801204022C4F2020276
:104900009142019000F08D80FFE706980168012038
:104910005822C4F202029142019000F08280FFE727
:104920000698016801207022C4F2020291420190AF
:1049300077D0FFE70698016801208822C4F20202BE
:10494000914201906DD0FFE7069801680120A022F6
:10495000C4F202029142019063D0FFE70698016819
:104960000120B822C4F202029142019059D0FFE71F
:1049700006980168012040F21042C4F202029142FE
:1049800001904ED0FFE706980168012040F22842CE
:10499000C4F202029142019043D0FFE706980168F9
:1049A000012040F24042C4F202029142019038D00C
:1049B000FFE706980168012040F25842C4F2020263
:1049C000914201902DD0FFE706980168012040F246
:1049D0007042C4F202029142019022D0FFE7069891
:1049E0000168012040F28842C4F202029142019023
:1049F00017D0FFE706980168012040F2A042C4F2F8
:104A00000202914201900CD0FFE7069800684FF631
:104A10004831CBF6FD710844B0FA80F040090190AE
:104A2000FFE70198C007A8B1FFE706980068006893
:104A30000B2161F344000699096808600698006C30
:104A400038B1FFE706980168086840F00800086080
:104A5000FFE714E0069800680068052161F3430051
:104A60000699096808600698006C38B1FFE7069857
:104A70000168086840F004000860FFE7FFE7069857
:104A8000016801201022C4F202029142009000F05D
:104A90000381FFE70698016801202822C4F2020280
:104AA0009142009000F0F880FFE70698016801202D
:104AB0004022C4F202029142009000F0ED80FFE734
:104AC0000698016801205822C4F202029142009027
:104AD00000F0E280FFE70698016801207022C4F22E
:104AE00002029142009000F0D780FFE7069801682B
:104AF00001208822C4F202029142009000F0CC8092
:104B0000FFE7069801680120A022C4F20202914248
:104B1000009000F0C180FFE7069801680120B822EC
:104B2000C4F202029142009000F0B680FFE70698BE
:104B30000168012040F21042C4F20202914200904A
:104B400000F0AA80FFE706980168012040F22842A1
:104B5000C4F202029142009000F09E80FFE70698A6
:104B60000168012040F24042C4F2020291420090EA
:104B700000F09280FFE706980168012040F2584259
:104B8000C4F202029142009000F08680FFE706988E
:104B90000168012040F27042C4F20202914200908A
:104BA0007AD0FFE706980168012040F28842C4F2FB
:104BB0000202914200906FD0FFE706980168012041
:104BC00040F2A042C4F202029142009064D0FFE79A
:104BD00006980168012040F2B842C4F202029142F4
:104BE000009059D0FFE706980168012045F208427D
:104BF000C5F60202914200904ED0FFE70698016888
:104C0000012045F21C42C5F602029142009043D0B9
:104C1000FFE706980168012045F23042C5F602021E
:104C20009142009038D0FFE706980168012045F2D4
:104C30004442C5F60202914200902DD0FFE706984B
:104C40000168012045F25842C5F6020291420090E7
:104C500022D0FFE706980168012045F26C42C5F6B4
:104C600002029142009017D0FFE7069801680120E8
:104C700045F28042C5F60202914200900CD0FFE757
:104C8000069800684AF66C31CAF2FD710844B0FA21
:104C900080F040090090FFE70098C007D0B1FFE71F
:104CA0000698006E0068C003002807D5FFE7069845
:104CB000016E086840F480700860FFE70698C06ED7
:104CC00038B1FFE70698C16E086840F4807008604C
:104CD000FFE7FFE7069800681021C4F2020188424E
:104CE00000F08180FFE7069800682821C4F20201E5
:104CF000884278D0FFE7069800684021C4F202019C
:104D0000884270D0FFE7069800685821C4F202017B
:104D1000884268D0FFE7069800687021C4F202015B
:104D2000884260D0FFE7069800688821C4F202013B
:104D3000884258D0FFE706980068A021C4F202011B
:104D4000884250D0FFE706980068B821C4F20201FB
:104D5000884248D0FFE70698006840F21041C4F24C
:104D6000020188423FD0FFE70698006840F22841E0
:104D7000C4F20201884236D0FFE70698006840F28C
:104D80004041C4F2020188422DD0FFE70698006836
:104D900040F25841C4F20201884224D0FFE706984D
:104DA000006840F27041C4F2020188421BD0FFE764
:104DB0000698006840F28841C4F20201884212D08D
:104DC000FFE70698006840F2A041C4F20201884261
:104DD00009D0FFE70698006840F2B841C4F202012A
:104DE000884207D1FFE706980168086840F0010093
:104DF000086006E006980168086840F00100086055
:104E0000FFE70DE006994FF400604865FFE706995B
:104E1000002081F83400FFE701208DF80B00FFE748
:104E20009DF80B008DF81F00FFE79DF81F0008B0EC
:104E300080BD00000000000085B003900291019247
:104E4000039890F898008DF803009DF8030001285E
:104E500005D0FFE79DF8030002285DD1FFE7029827
:104E600003990968896D084207D1FFE70398016833
:104E7000C86D40F00100C86515E002980399096803
:104E8000896D08400299884207D1FFE703980168BD
:104E9000C86D40F00200C86504E003980168032073
:104EA000C865FFE7FFE79DF809008007002809D5DE
:104EB000FFE7019A03980168D1F8E0001043C1F8B8
:104EC000E000FFE79DF809004007002809D5FFE74B
:104ED000019A03980168D1F8E4001043C1F8E40096
:104EE000FFE7FFE702984FF6FF71C3F6CF7100EAC4
:104EF000010203980168486D10434865029A4AF61A
:104F00001401C4F20001086840EA92700860FFE7EB
:104F100000208DF813000AE00399D1F89C0040F0BE
:104F20000200C1F89C0001208DF81300FFE79DF8F6
:104F3000130005B07047000080B586B0049003915F
:104F400002920398406808B9FFE700E0FFE7049881
:104F500090F89800022845D1FFE704980068D0F83F
:104F6000C00010F07C5F0BD1FFE70499D1F89C00E2
:104F700040F02000C1F89C0001208DF817003CE0B3
:104F800004980068D0F8C400800200280BD5FFE721
:104F90000499D1F89C0040F40070C1F89C000120F5
:104FA0008DF8170029E004980068D0F8C400C0F319
:104FB0000440019004980399029A019BFCF7B4FD08
:104FC0000199012000FA01F1049A1268C2F8D01088
:104FD000019988400499C1F89400FFE700208DF8FA
:104FE00017000AE00499D1F89C0040F00800C1F8CD
:104FF0009C0001208DF81700FFE79DF8170006B010
:1050000080BD00000000000082B00190009102B05D
:10501000704700000000000085B0DDF814C0039068
:10502000029101920093039890F89800012812D100
:10503000FFE702980001019940EA8100009940EAE7
:1050400041000599084303990968C1F880000020D0
:105050008DF813000AE00399D1F89C0040F0040099
:10506000C1F89C0001208DF81300FFE79DF81300A4
:1050700005B070470000000081B0009001B070479B
:1050800082B00190009102B0704700000000000063
:105090008AB0089007910692059300200190089825
:1050A00090F898008DF803009DF80300022840F066
:1050B0006881FFE70798402857D1FFE70898006804
:1050C000D0F8A00010F4FE0F0BD1FFE70899D1F83B
:1050D0009C0040F02000C1F89C0001208DF82700C2
:1050E0005AE108980068D0F8A400400658B9FFE7D4
:1050F0000899D1F89C0040F48070C1F89C00012010
:105100008DF8270048E108980068D0F8A400C0F3A3
:105110000520019008980068D0F8A40000F0807184
:105120000120B0EB116F16D1FFE708980068D0F8A6
:10513000A0100120B0EBD17F0CD1FFE70198013026
:1051400008990968D1F8A01001F4FE0100EA1140A5
:105150000190FFE7FFE70898426C406F01995143C7
:1051600000EB81000490FFE776E00798412857D1D3
:10517000FFE708980068D0F8B00010F4FE0F0BD1DC
:10518000FFE70899D1F89C0040F02000C1F89C008E
:1051900001208DF82700FFE008980068D0F8B400DF
:1051A000400658B9FFE70899D1F89C0040F4807098
:1051B000C1F89C0001208DF82700EDE008980068F8
:1051C000D0F8B400C0F30520019008980068D0F82A
:1051D000B40000F080710120B0EB116F16D1FFE731
:1051E00008980068D0F8B0100120B0EBD17F0CD146
:1051F000FFE70198013008990968D1F8B01001F46F
:10520000FE0100EA11400190FFE7FFE70898C26C39
:10521000806F0199514300EB81000490FFE71AE091
:1052200007980899096D88420BD3FFE70899D1F8D0
:105230009C0040F02000C1F89C0001208DF8270060
:10524000AAE00898426DC06F0799514300EB8100B6
:105250000490FFE7FFE7FFE70498006800F0804054
:10526000069948600698406838B9FFE704980068D6
:10527000C0F38A400699086006E00498006820F0B0
:10528000604006990860FFE70498006800F000504D
:10529000069988600498006800F00040069908614B
:1052A000049804300490049800880699C861049812
:1052B0000068C0F303400699C8600498006800F4D1
:1052C0008010069948610498006800F4001006995F
:1052D000886104980068C0F3066006990862049823
:1052E0000068C00F0699486204980430049004983E
:1052F000039000200290FFE702980699CA6843F6DF
:10530000EC41C0F60101895C88420AD2FFE70398AC
:10531000029A805C05998854FFE702980130029058
:10532000EAE70798402806D1FFE70198089909683D
:10533000C1F8A80021E00798412806D1FFE70198AD
:1053400008990968C1F8B80016E007981F2808D81E
:10535000FFE707990120884008990968C1F898007B
:1053600009E0079800F01F010120884008990968AA
:10537000C1F89C00FFE7FFE7FFE700208DF827005A
:105380000AE00899D1F89C0040F00800C1F89C00A0
:1053900001208DF82700FFE79DF827000AB070472D
:1053A00081B0009001B0704780B594B013904AF678
:1053B0001000C4F200000068800712904AF6140042
:1053C000C4F200000168129800EA817012901398EC
:1053D0000068006D00F47040119013980068416DF2
:1053E00011980840119013980068006D00F00F00AC
:1053F000109013980068416D109808401090139811
:105400000068006D00F0F0000F9013980068416D87
:105410000F9808400F9013980068006D00F07150CD
:105420000E9013980068416D0E9808400E901398E6
:105430000068006D00F060700D9013980068416D79
:105440000D9808400D9013980068406D03901398D4
:105450000068006D01909DF80D00C007B8B1FFE72E
:105460009DF80500C00788B1FFE7FFE713980168C2
:105470004FF4807008654AF61001C4F20001002064
:105480000860FFE71398FFF78BFFFFE7FFE79DF842
:105490000D0000F004010020B0EB910F28D0FFE7D1
:1054A0009DF8050000F004010020B0EB910F1ED024
:1054B000FFE713980068D0F8DC000B9013980068A1
:1054C000D0F8E4100B9808400B90FFE713980168A0
:1054D0004FF4806008654AF61001C4F20001002014
:1054E0000860FFE713980B9900F05AFDFFE7FFE70C
:1054F0001298B8B1FFE7FFE712984FF6FF71C3F6B5
:10550000CF7108401399096808651298800F4AF610
:105510001001C4F200010860FFE713981299FFF729
:1055200073FDFFE71198B8B1FFE7FFE711984FF659
:10553000FF71C3F6CF710840139909680865119887
:10554000800F4AF61001C4F200010860FFE71398CB
:10555000119900F035FDFFE71098B8B1FFE7FFE7BC
:1055600010984FF6FF71C3F6CF7108401399096880
:1055700008651098800F4AF61001C4F20001086017
:10558000FFE71398109900F063FCFFE70F98B8B19C
:10559000FFE7FFE70F984FF6FF71C3F6CF710840A2
:1055A0001399096808650F98800F4AF61001C4F234
:1055B00000010860FFE713980F9900F099FCFFE7DE
:1055C0009DF80D0000F008010020B0EBD10F1BD0BA
:1055D000FFE79DF8050000F008010020B0EBD10FB7
:1055E00011D0FFE7FFE7139801684FF400600865EA
:1055F0004AF61001C4F2000100200860FFE713988A
:1056000000F0E6FCFFE7FFE79DF80D0000F0020167
:105610000020B0EB510F28D0FFE79DF8050000F007
:1056200002010020B0EB510F1ED0FFE71398006875
:10563000D0F8D8000C9013980068D0F8E0100C98BF
:1056400008400C90FFE7139801684FF4007008655C
:105650004AF61001C4F2000100200860FFE7139829
:105660000C9900F0A5FCFFE7FFE79DF80E0000F0A5
:1056700008010020B0EBD10F1BD0FFE79DF806001A
:1056800000F008010020B0EBD10F11D0FFE7FFE7D9
:10569000139801684FF4002008654AF61001C4F21F
:1056A000000100200860FFE7139800F0CDFBFFE742
:1056B000FFE79DF80E00C007B8B1FFE79DF80600B0
:1056C000C00788B1FFE7FFE7139801684FF4803007
:1056D00008654AF61001C4F2000100200860FFE7E7
:1056E000139800F059FCFFE7FFE79DF80E0000F06B
:1056F00004010020B0EB910F1BD0FFE79DF80600DE
:1057000000F004010020B0EB910F11D0FFE7FFE79C
:10571000139801684FF4802008654AF61001C4F21E
:10572000000100200860FFE7139800F031FCFFE75C
:10573000FFE79DF80E0000F002010020B0EB510FD2
:105740001FD0FFE79DF8060000F002010020B0EB3B
:10575000510F15D0FFE7FFE7139801684FF40030B1
:1057600008654AF61001C4F2000100200860FFE756
:105770001399D1F89C0040F08000C1F89C00FFE72D
:10578000FFE70D98B8B1FFE7FFE70D984FF6FF71FF
:10579000C3F6CF7108401399096808650D98800F0A
:1057A0004AF61001C4F200010860FFE713980D9952
:1057B000FFF766FCFFE70E98D0B1FFE7FFE70E9812
:1057C0004FF6FF71C3F6CF71084013990968086559
:1057D0000E98800F4AF61001C4F200010860FFE73E
:1057E0000E9A1399D1F89C001043C1F89C00FFE772
:1057F000139800684AF20001C4F20001884240F0A8
:10580000B980FFE71398406880688007002800F09F
:10581000B080FFE713984068006A00F00F000A901C
:1058200013984068416A0A9808400A9013984068A3
:10583000006A00F03000099013984068416A0998A6
:105840000840099013984068006A00F4C0700890FE
:1058500013984068416A0898084008901398406877
:10586000006A00F4FC40079013984068416A07986A
:105870000840079013984068006A00F4F0200690F2
:1058800013984068416A069808400690139840684B
:10589000406A029013984068006A00900A9848B1E4
:1058A000FFE70A9813994968086213980A9900F06B
:1058B00057FBFFE7099848B1FFE709981399496832
:1058C00008621398099900F05BFBFFE79DF8080058
:1058D00000F040010020B0EB911F1FD0FFE79DF8C2
:1058E000000000F040010020B0EB911F15D0FFE751
:1058F00013984068C06B000C059013984068C06B0B
:1059000000F03F000490139841684020086213980B
:105910000599049A00F02CFBFFE7FFE7089848B1CF
:10592000FFE708981399496808621398089900F0EE
:105930000FFBFFE7079860B1FFE7079813994968E5
:105940000862079A1399D1F89C001043C1F89C0093
:10595000FFE7069860B1FFE7069813994968086267
:10596000069A1399D1F89C001043C1F89C00FFE7F8
:10597000FFE7FFE71398D0F89C0020B1FFE71398EA
:10598000FFF77AFBFFE714B080BD000000000000C5
:1059900080B598B0169043F69041C0F6010101A879
:1059A0004C22FAF7C4FD169820B9FFE701208DF8C4
:1059B0005F00D9E1169800684AF20001C4F20001C4
:1059C000884206D1FFE71699086800F580704860A4
:1059D000FFE716988068B0F5407F01D1FFE7FFE749
:1059E0001698006C08B1FFE7FFE71698806C08B1C5
:1059F000FFE7FFE71698006D08B1FFE7FFE716988D
:105A0000006E08B1FFE7FFE71699C86D096E0844FC
:105A100008B1FFE7FFE7169890F8980040B9FFE754
:105A20001699002081F89900169800F0A1F9FFE777
:105A300016980168886920F01000886100F0C4FCA5
:105A40001590FFE71698006880690007002817D5B1
:105A5000FFE700F0B9FC1599401A0B280FD3FFE7B8
:105A60001699D1F89C0040F00100C1F89C001699ED
:105A7000032081F8980001208DF85F0074E1E1E7D0
:105A800016980168886940F00100886100F09CFC6C
:105A90001590FFE7169800688069C007B8B9FFE75E
:105AA00000F092FC1599401A0B280FD3FFE71699C6
:105AB000D1F89C0040F00100C1F89C001699032029
:105AC00081F8980001208DF85F004DE1E2E716981B
:105AD0000168886940F0020088611698007C0128FE
:105AE00007D1FFE716980168886920F040008861B7
:105AF00006E016980168886940F040008861FFE779
:105B00001698407C012807D1FFE71698016888693C
:105B100040F48040886106E016980168886920F4A6
:105B200080408861FFE71698807C012807D1FFE755
:105B300016980168886920F48050886106E01698FC
:105B40000168886940F480508861FFE71698006812
:105B5000806920F44070169A116892681043886139
:105B600016980168886920F0A40088611698016879
:105B7000086920F0100008611698C068012807D154
:105B8000FFE716980168886940F0040088612BE0FF
:105B90001698C06830B3FFE71698C068022819D07D
:105BA000FFE716980168886940F0800088611698C0
:105BB0000168086940F0100008611698C068032861
:105BC00007D1FFE716980168886940F020008861D6
:105BD000FFE706E016980168886940F020008861B8
:105BE000FFE700E0FFE7FFE7169A11685369906945
:105BF000D2F81CE0A0F1010C6FF0FF0000EB0E20CA
:105C000040EA4C60126A013A10430022CFF6FF725C
:105C100002EB03421043C86116988068B0F5407FDC
:105C20001CD1FFE7169A1168536A906AD2F82CE0EB
:105C300001386FF0FF0C0CEB0E2C40EA0C00D2F890
:105C400030C06FF00F0202EB0C1210430022CFF6AF
:105C5000FF7202EB03421043C860FFE71698006E24
:105C600048B1FFE716980168426ED1F8C0001043B2
:105C7000C1F8C000FFE71699C86D096E084480B1ED
:105C8000FFE716980068D0F8C80020F00700169AC1
:105C90001168936E01AA52F823201043C1F8C8007E
:105CA000FFE71698006C80B1FFE716980068D0F8FF
:105CB000BC0020F00700169A1168536C01AA52F834
:105CC00023201043C1F8BC00FFE71698806C88B110
:105CD000FFE716980068D0F8BC0020F07000169A14
:105CE0001168D36C01AA52F8232040EA0210C1F8CF
:105CF000BC00FFE71698006D88B1FFE716980068B2
:105D0000D0F8BC0020F4E060169A1168536D01AA27
:105D100052F8232040EA0220C1F8BC00FFE71698A1
:105D200000684AF20001C4F20001884207D1FFE78F
:105D300016984168886820F003008860FFE716998C
:105D40000020C1F894001699C1F89C001699012012
:105D500081F898001698FBF783FD8DF853009DF8A5
:105D600053008DF85F00FFE79DF85F0018B080BD1D
:105D700080B5B8B03790002036903590349033908D
:105D8000329004A8B821FAF72EFC379800684AF23E
:105D90000001C4F20001884254D1FFE700200590C1
:105DA0004FF40041049102210691102207920891BC
:105DB00009910A91C0210B910C900D904FF0005069
:105DC0001F9004A800F094FF18B1FFE7FBF70CFD4B
:105DD000FFE7FFE744F2EC40C5F60200016841F43A
:105DE00080710160006800F4807003900398FFE701
:105DF000FFE744F2E040C5F60200016841F001010E
:105E00000160006800F0010002900298FFE74FF483
:105E1000C050329002203390002000903490359092
:105E2000092036900020C5F6020032A900F0D4F80F
:105E3000009A13200190052100F022FC019800F047
:105E400013FCFFE738B080BD81B0009001B070470F
:105E500080B590B00F900E919DF83800C0070028D3
:105E600041D0FFE70F98402104AA02ABFFF710F9D9
:105E7000C0BBFFE70598D0B9FFE700200190FFE71E
:105E80000198032812DCFFE70198C0EBC00140F243
:105E9000C800C2F2004000EB810004A902AAFAF790
:105EA0008FFCFFE7019801300190E9E719E000203D
:105EB0000090FFE70098032812DCFFE70098C0EB92
:105EC000C00145F21800C2F2004000EBC10004A975
:105ED00002AA08F079F8FFE7009801300090E9E79E
:105EE000FFE7FFE7FFE710B080BD00000000000003
:105EF00082B00190009102B07047000000000000E5
:105F000082B00090009890F89800012811D1FFE726
:105F10000099022081F8980000980168886920F0B3
:105F20000100886100990020C1F89C008DF80700ED
:105F30000AE00099D1F89C0040F00400C1F89C00F0
:105F400001208DF80700FFE79DF8070002B07047B9
:105F500082B00190009102B0704700000000000084
:105F600082B00190009102B0704700000000000074
:105F700083B002900191009203B0704700000000CE
:105F800082B00190009102B0704700000000000054
:105F900081B0009001B0704781B0009001B07047AF
:105FA00082B00190009102B0704700000000000034
:105FB00082B00190009102B0704700000000000024
:105FC00082B00190009102B0704700000000000014
:105FD00081B0009001B070478FB00E900D910020FD
:105FE0000C908020C5F600000990FFE70D9800682E
:105FF0000C99C840002800F0CD81FFE70D9800689B
:106000000C9A0121914008400B900B98002800F059
:10601000BD81FFE70D98406800F00300012807D01C
:10602000FFE70D98406800F0030002282FD1FFE73A
:106030000E9880680A900C984100032000FA01F144
:106040000A9888430A900D98C0680C99490000FA94
:1060500001F10A9808430A900A980E9988600E98F0
:1060600040680A900C99012000FA01F10A988843CF
:106070000A900D984068C0F300100C9900FA01F1E5
:106080000A9808430A900A980E994860FFE70D980D
:10609000406800F0030003280CD1FFE70D9840682A
:1060A00000F0030003281DD1FFE70D988068012848
:1060B00018D0FFE70E98C0680A900C9841000320A2
:1060C00000FA01F10A9888430A900D9880680C99AB
:1060D000490000FA01F10A9808430A900A980E99BB
:1060E000C860FFE70D98406800F00300022826D141
:1060F000FFE70E980C996FF0030202EA5101084481
:10610000006A0A900C9800F0070081000F2000FA46
:1061100001F10A9888430A900D9800690C9901F0E2
:106120000701890000FA01F10A9808430A900A98C9
:106130000E990C9B02EA530211440862FFE70E9885
:1061400000680A900C984100032000FA01F10A98B7
:1061500088430A900D98406800F003000C994900AC
:1061600000FA01F10A9808430A900A980E9908600B
:106170000D9880798007002800F00781FFE7FFE78E
:1061800044F2F440C5F60200016841F002010160EA
:10619000006800F0020008900898FFE70C9820F0D3
:1061A000030040F20841C5F6000140580A900C98DF
:1061B00000F0030081000F2000FA01F10A988843E3
:1061C0000A900E980021C5F60201884203D1FFE72C
:1061D000002007906CE00E9840F20041C5F60201E5
:1061E000884203D1FFE7012006905EE00E9840F65A
:1061F0000001C5F60201884203D1FFE702200590A5
:1062000050E00E9840F60041C5F60201884203D1E5
:10621000FFE70320049042E00E9841F20001C5F62A
:106220000201884203D1FFE70420039034E00E9876
:1062300041F20041C5F60201884203D1FFE7052083
:10624000029026E00E9841F60001C5F60201884250
:1062500003D1FFE70620019018E00E9841F60041B7
:10626000C5F60201884203D1FFE7072000900AE04B
:106270000E9942F20042C5F602020A20914208BF7E
:1062800009200090FFE700980190FFE70198029035
:10629000FFE702980390FFE703980490FFE7049854
:1062A0000590FFE705980690FFE706980790FFE73F
:1062B00007980C9901F00301890000FA01F10A988E
:1062C00008430A900A980C9921F0030140F2084211
:1062D000C5F6000288504FF0B04000680A900B9954
:1062E0000A9888430A900D988079C006002805D541
:1062F000FFE70B990A9808430A90FFE70A984FF0C6
:10630000B04108600420C5F6000000680A900B99AF
:106310000A9888430A900D9880798006002805D550
:10632000FFE70B990A9808430A90FFE70A980421AF
:10633000C5F600010860099840680A900B990A9810
:1063400088430A900D9880798007002805D5FFE7DB
:106350000B990A9808430A90FFE70A980999486040
:10636000099800680A900B990A9888430A900D983A
:106370008079C00728B1FFE70B990A9808430A9073
:10638000FFE70A9809990860FFE7FFE70C980130DA
:106390000C902BE60FB0704782B00190ADF8021060
:1063A00001980069BDF80210084204D0FFE70120FF
:1063B0008DF8010003E000208DF80100FFE79DF853
:1063C000010002B07047000044F63810C2F20040ED
:1063D000006870470000000040F20C00C2F200406C
:1063E000027844F63811C2F200410868104408608F
:1063F000704700000000000080B582B0032000F06C
:1064000057F901F051FF44F21842C5F60202116833
:10641000C1F3032343F6DC41C0F60101CB5C03F07A
:106420001F03D84000900098126802F00F02895CA8
:1064300001F01F01C84040F20401C2F200410860AF
:10644000009840F20001C2F2004108600F2000F005
:1064500013F820B1FFE701208DF8070005E000F0F8
:10646000E7F800208DF80700FFE79DF8070002B06D
:1064700080BD00000000000080B590B00E900E9826
:106480000F2810D8FFE70E991E200090002200F080
:10649000F7F8009800F0E8F80E9840F21001C2F208
:1064A0000041086003E001208DF83F004EE0FFE767
:1064B00044F2E840C5F60200016841F004010160C1
:1064C000006800F0040001900198FFE706A802A907
:1064D00001F052FE0B980490049820B9FFE701F0F8
:1064E000BBFE059004E001F0B7FE40000590FFE719
:1064F00005984DF68361C4F21B31A0FB01014FF0FA
:10650000FF3000EB9140039040F24450C2F2004053
:1065100040F60001C4F20001016040F2E731C160C1
:106520000399416000210161816002F061FD48B979
:10653000FFE740F24450C2F2004002F0B1FD8DF896
:106540003F0003E001208DF83F00FFE79DF83F008A
:1065500010B080BD0000000010B581B00090009820
:1065600040784EF69851CEF2000108604EF6A051E8
:10657000CEF20001086820F0010008600098406831
:106580004EF69C52CEF200021060DDF800E09EF85C
:106590000C0000079EF80B2040EA02609EF80020E5
:1065A0009EF808309EF809C09EF80A4040EAC440B0
:1065B0009EF80D4040EA84409EF80E4040EA444078
:1065C0009EF80FE040EA0E4040EA0C2040EA43000B
:1065D0001043086001B010BDBFF35F8F4EF6245129
:1065E000CEF20001086820F4803008604EF6945125
:1065F000CEF200010020086070470000000000009B
:1066000081B00090009840F001004EF69451CEF217
:10661000000108604EF62451CEF20001086840F4F3
:1066200080300860BFF34F8FBFF36F8F01B07047AA
:1066300080B582B0FFE744F2F440C5F6020001687D
:1066400041F002010160006800F002000190019831
:10665000FFE76FF001000F21002200F011F802B0F7
:1066600080BD00000000000080B582B0ADF80600DB
:10667000BDF9060007F0B0FD02B080BD00000000CB
:1066800080B586B0ADF816000491039207F0BCFD0A
:106690000290BDF91600019002980499039A05F042
:1066A0005FFB0146019807F0B7FD06B080BD000012
:1066B00080B582B00190019807F0F6FD02B080BD70
:1066C00080B584B0029044F60C00C5F60200006864
:1066D00000F004010020B0EB910F13D1FFE744F666
:1066E0000C00C5F60200006800F00700029988421D
:1066F00004D0FFE701208DF80F002EE000208DF878
:106700000F002AE044F60C01C5F60201086820F0EB
:106710000700029A10430860FFF756FE0190FFE75A
:1067200044F60400C5F60200006800F400510020A1
:10673000B0EB513F0DD1FFE7FFF746FE0199401A3C
:10674000B0F57A7F04D9FFE701208DF80F0004E04F
:10675000E6E700208DF80F00FFE79DF80F0004B07A
:1067600080BD00000000000080B501F049FD44F24A
:106770002041C5F602010968C1F3021243F6DC416B
:10678000C0F60101895C01F01F01C84080BD000016
:1067900088B0079044F22840C5F60200016801F075
:1067A000030106910068C0F30530059044F22C40C7
:1067B000C5F602000068C0F300100490049844F28B
:1067C0003C41C5F60201096889B2C908484300EE98
:1067D000100AB8EE400A8DED020A0598002800F074
:1067E0001B81FFE70698009048B1FFE70098012859
:1067F00069D0FFE70098022800F08980ABE044F2FE
:106800000040C5F60200006800F020010020B0EB57
:10681000511F33D0FFE744F20040C5F60200006884
:10682000C0F3C10149F20000C0F2D030C84003906B
:106830009DED030AB8EE400A9DED051AB8EE411A27
:1068400080EE010A44F23840C5F6020000686FF39A
:106850005F2001EE100AB8EE411A9DED022A9FED6D
:10686000743A82EE032A31EE021AB7EE002A31EEB4
:10687000021A20EE010A8DED010A23E09DED050AC2
:10688000B8EE401A9FED6C0A80EE010A44F23840DF
:10689000C5F6020000686FF35F2001EE100AB8EE43
:1068A000411A9DED022A9FED623A82EE032A31EEF3
:1068B000021AB7EE002A31EE021A20EE010A8DED1F
:1068C000010AFFE76BE09DED050AB8EE401A9FED67
:1068D000590A80EE010A44F23840C5F60200006809
:1068E0006FF35F2001EE100AB8EE411A9DED022A07
:1068F0009FED4F3A82EE032A31EE021AB7EE002ADC
:1069000031EE021A20EE010A8DED010A47E09DEDFD
:10691000050AB8EE401A9FED450A80EE010A44F2DE
:106920003840C5F6020000686FF35F2001EE100AE0
:10693000B8EE411A9DED022A9FED3D3A82EE032A00
:1069400031EE021AB7EE002A31EE021A20EE010AE9
:106950008DED010A23E09DED050AB8EE401A9FED8A
:10696000350A80EE010A44F23840C5F6020000689C
:106970006FF35F2001EE100AB8EE411A9DED022A76
:106980009FED2B3A82EE032A31EE021AB7EE002A6F
:1069900031EE021A20EE010A8DED010AFFE79DEDAE
:1069A000010A44F23840C5F60200016889B2490A7A
:1069B00001EE101AB8EE411AB7EE002A31EE021AB3
:1069C00080EE010A0799BCEEC00A81ED000A9DED38
:1069D000010A0168C1F3064101EE101AB8EE411A2E
:1069E00031EE021A80EE010A0799BCEEC00A81ED71
:1069F000010A9DED010A0068C0F3066001EE100A6D
:106A0000B8EE411A31EE021A80EE010A0798BCEE88
:106A1000C00A80ED020A07E0079900200860079984
:106A2000486007998860FFE708B0704720BCBE4BFC
:106A3000000000460024744A0024744C000000004A
:106A400088B0079044F22840C5F60200016801F0C2
:106A5000030106910068C0F30550059044F22C40F4
:106A6000C5F602000068C0F300200490049844F2C8
:106A70004441C5F60201096889B2C908484300EEDD
:106A8000100AB8EE400A8DED020A0598002800F0C1
:106A90001B81FFE70698009048B1FFE700980128A6
:106AA00069D0FFE70098022800F08980ABE044F24B
:106AB0000040C5F60200006800F020010020B0EBA5
:106AC000511F33D0FFE744F20040C5F602000068D2
:106AD000C0F3C10149F20000C0F2D030C8400390B9
:106AE0009DED030AB8EE400A9DED051AB8EE411A75
:106AF00080EE010A44F24040C5F6020000686FF3E0
:106B00005F2001EE100AB8EE411A9DED022A9FEDBA
:106B1000743A82EE032A31EE021AB7EE002A31EE01
:106B2000021A20EE010A8DED010A23E09DED050A0F
:106B3000B8EE401A9FED6C0A80EE010A44F2404024
:106B4000C5F6020000686FF35F2001EE100AB8EE90
:106B5000411A9DED022A9FED623A82EE032A31EE40
:106B6000021AB7EE002A31EE021A20EE010A8DED6C
:106B7000010AFFE76BE09DED050AB8EE401A9FEDB4
:106B8000590A80EE010A44F24040C5F6020000684E
:106B90006FF35F2001EE100AB8EE411A9DED022A54
:106BA0009FED4F3A82EE032A31EE021AB7EE002A29
:106BB00031EE021A20EE010A8DED010A47E09DED4B
:106BC000050AB8EE401A9FED450A80EE010A44F22C
:106BD0004040C5F6020000686FF35F2001EE100A26
:106BE000B8EE411A9DED022A9FED3D3A82EE032A4E
:106BF00031EE021AB7EE002A31EE021A20EE010A37
:106C00008DED010A23E09DED050AB8EE401A9FEDD7
:106C1000350A80EE010A44F24040C5F602000068E1
:106C20006FF35F2001EE100AB8EE411A9DED022AC3
:106C30009FED2B3A82EE032A31EE021AB7EE002ABC
:106C400031EE021A20EE010A8DED010AFFE79DEDFB
:106C5000010A44F24040C5F60200016889B2490ABF
:106C600001EE101AB8EE411AB7EE002A31EE021A00
:106C700080EE010A0799BCEEC00A81ED000A9DED85
:106C8000010A0168C1F3064101EE101AB8EE411A7B
:106C900031EE021A80EE010A0799BCEEC00A81EDBE
:106CA000010A9DED010A0068C0F3066001EE100ABA
:106CB000B8EE411A31EE021A80EE010A0798BCEED6
:106CC000C00A80ED020A07E00799002008600799D2
:106CD000486007998860FFE708B0704720BCBE4B4A
:106CE000000000460024744A0024744C0000000098
:106CF00080B59AB0189000208DF857008DF8560096
:106D00001898C0780007002848D5FFE71898406E0B
:106D1000149078B1FFE71498B0F5801F13D0FFE707
:106D20001498B0F5001F16D0FFE71498B0F5401F77
:106D300019D019E044F22C41C5F60201086840F46C
:106D40000030086014E018980830022105F074F84B
:106D50008DF857000CE018982830022105F054F9FE
:106D60008DF8570004E003E001208DF85700FFE79D
:106D70009DF8570060B9FFE744F25041C5F60201A3
:106D8000086820F44010189A526E1043086004E01E
:106D90009DF857008DF85600FFE7FFE718984078F8
:106DA000C007002840D0FFE71898806D1390042892
:106DB00020D81399DFE801F0030C141C1D0044F2E5
:106DC0002C41C5F60201086840F40030086015E067
:106DD00018980830002105F02FF88DF857000DE0C5
:106DE00018982830002105F00FF98DF8570005E0BC
:106DF00004E003E001208DF85700FFE79DF85700FD
:106E000060B9FFE744F25041C5F60201086820F07E
:106E10000700189A926D1043086004E09DF857002F
:106E20008DF85600FFE7FFE71898407840070028E4
:106E300056D5FFE71898D0F8A4001290C8B1FFE724
:106E40001298B0F5001F1DD0FFE71298B0F5800F23
:106E500020D0FFE71298B0F5C00F23D0FFE71298BB
:106E6000B0F5000F1FD0FFE71298B0F5200F1BD030
:106E70001BE044F22C41C5F60201086840F40030E2
:106E8000086016E018980830002104F0D5FF8DF84E
:106E900057000EE018982830002105F0B5F88DF85D
:106EA000570006E005E004E003E001208DF85700FC
:106EB000FFE79DF8570068B9FFE744F25841C5F66F
:106EC0000201086820F46000189AD2F8A420104348
:106ED000086004E09DF857008DF85600FFE7FFE7D3
:106EE000189840780007002856D5FFE71898D0F882
:106EF000A8001190C8B1FFE71198B0F1807F1DD0B4
:106F0000FFE71198B0F1007F20D0FFE71198B0F1B2
:106F1000407F23D0FFE71198B0F1806F1FD0FFE7CB
:106F20001198B0F1A06F1BD01BE044F22C41C5F6C4
:106F30000201086840F40030086016E01898083034
:106F4000002104F079FF8DF857000EE018982830E2
:106F5000002105F059F88DF8570006E005E004E03F
:106F600003E001208DF85700FFE79DF8570068B94E
:106F7000FFE744F25841C5F60201086820F0E060DE
:106F8000189AD2F8A8201043086004E09DF8570032
:106F90008DF85600FFE7FFE71898C07880070028B3
:106FA0003ED5FFE71898C06C1090F0B1FFE710983D
:106FB000102808D0FFE7109820280DD0FFE7109880
:106FC000302811D012E044F22C41C5F602010868C5
:106FD00040F4003008600DE018980830022104F0F9
:106FE0002BFF8DF8570005E004E003E001208DF849
:106FF0005700FFE79DF8570060B9FFE744F24C41A6
:10700000C5F60201086820F03000189AD26C1043CF
:10701000086004E09DF857008DF85600FFE7FFE791
:1070200018984078C00600284ED5FFE71898C06D24
:107030000F90A0B1FFE70F98B0F5805F18D0FFE781
:107040000F98B0F5005F1BD0FFE70F98B0F5405FD9
:107050001ED0FFE70F98B0F5804F1AD01AE044F227
:107060002C41C5F60201086840F40030086015E0C4
:1070700018980830002104F0DFFE8DF857000DE06D
:1070800018982830002104F0BFFF8DF8570005E064
:1070900004E003E001208DF85700FFE79DF857005A
:1070A00060B9FFE744F25041C5F60201086820F4D8
:1070B000E040189AD26D1043086004E09DF8570034
:1070C0008DF85600FFE7FFE7189840788006002803
:1070D0004CD5FFE71898006E0E90C8B1FFE70E98E8
:1070E000B0F5803F15D0FFE70E98B0F5003F18D0FF
:1070F000FFE70E98B0F5403F1BD0FFE70E98B0F5C4
:10710000802F17D0FFE70E98B0F5A02F13D013E013
:1071100016E018980830012104F08EFE8DF8570013
:107120000EE018982830012104F06EFF8DF857000A
:1071300006E005E004E003E001208DF85700FFE7DA
:107140009DF8570060B9FFE744F25041C5F60201CF
:10715000086820F4E020189A126E1043086004E0DA
:107160009DF857008DF85600FFE7FFE71898407824
:10717000400600284ED5FFE71898D0F8AC000D90D7
:10718000C8B1FFE70D98B0F1805F15D0FFE70D980B
:10719000B0F1005F18D0FFE70D98B0F1405F1BD051
:1071A000FFE70D98B0F1804F17D0FFE70D98B0F1D1
:1071B000A04F13D013E016E018980830012104F016
:1071C0003BFE8DF857000EE018982830012104F09E
:1071D0001BFF8DF8570006E005E004E003E0012006
:1071E0008DF85700FFE79DF8570068B9FFE744F2B4
:1071F0005841C5F60201086820F0E040189AD2F81C
:10720000AC201043086004E09DF857008DF856004C
:10721000FFE7FFE718984078000600283BD5FFE716
:107220001898C06E0C90D8B1FFE70C98B0F1805F51
:1072300005D0FFE70C98B0F1005F09D011E044F2EF
:107240002C41C5F60201086840F4003008600CE0EB
:1072500018980830012104F0EFFD8DF8570004E084
:1072600003E001208DF85700FFE79DF8570060B953
:10727000FFE744F25041C5F60201086820F0405093
:10728000189AD26E1043086004E09DF857008DF8FC
:107290005600FFE7FFE71898C078C007002837D0EE
:1072A000FFE71898806C0B90032817D80B99DFE83C
:1072B00001F014020B1344F22C41C5F602010868D8
:1072C00040F4003008600DE018980830022104F006
:1072D000B3FD8DF8570005E004E003E001208DF8D0
:1072E0005700FFE79DF8570060B9FFE744F24C41B3
:1072F000C5F60201086820F00300189A926C10434A
:10730000086004E09DF857008DF85600FFE7FFE79E
:10731000189880784006002840F1B480FFE744F6D2
:107320000001C5F60201086840F480700860FFF7AC
:107330004BF81690FFE744F60000C5F6020000681F
:10734000C00500280CD4FFE7FFF73EF81699401A55
:10735000652804D3FFE703208DF8570000E0EAE733
:107360009DF85700002840F08780FFE744F2704006
:10737000C5F60200006800F440701899D1F8B0100A
:1073800001F44071884213D0FFE744F27041C5F622
:107390000201086820F440701790086840F48030BB
:1073A0000860086820F48030086017980860FFE7DC
:1073B0001898D0F8B000B0F5807F1FD1FFE7FFF735
:1073C00003F81690FFE744F27040C5F6020000682B
:1073D00000F002010020B0EB510F0ED1FFE7FEF7E5
:1073E000F3FF1699401A41F28931884204D3FFE72E
:1073F00003208DF8570000E0E5E7FFE79DF8570010
:10740000A0BBFFE7FFE71898D0F8B00000F4407089
:10741000B0F5407F13D1FFE744F21041C5F60201F9
:10742000086820F47C50189AD2F8B0204FF6F04348
:10743000C0F6FF731A4040EA1210086008E044F2F8
:107440001041C5F60201086820F47C500860FFE78F
:107450001898D0F8B0206FF31F3244F27041C5F68F
:107460000201086810430860FFE704E09DF8570038
:107470008DF85600FFE704E09DF857008DF85600A0
:10748000FFE7FFE718980068C007002800F04C806D
:10749000FFE71898806F0A9028282BD80A99DFE810
:1074A00001F01529292929292929162929292929D4
:1074B00029291E292929292929292629292929294A
:1074C00029292729292929292929280016E0189856
:1074D0000830012104F0B0FC8DF857000EE0189838
:1074E0002830012104F090FD8DF8570006E005E0FA
:1074F00004E003E001208DF85700FFE79DF85700F6
:1075000060B9FFE744F25441C5F60201086820F073
:107510003800189A926F1043086004E09DF85700F5
:107520008DF85600FFE7FFE71898007880070028DD
:1075300039D5FFE71898406F0990052819D809999F
:10754000DFE801F003040C14151616E01898083053
:10755000012104F071FC8DF857000EE018982830D6
:10756000012104F051FD8DF8570006E005E004E02C
:1075700003E001208DF85700FFE79DF8570060B940
:10758000FFE744F25441C5F60201086820F0070005
:10759000189A526F1043086004E09DF857008DF868
:1075A0005600FFE7FFE718980078400700283BD512
:1075B000FFE71898D0F890000890052819D8089986
:1075C000DFE801F003040C14151616E018980830D3
:1075D000012104F031FC8DF857000EE01898283096
:1075E000012104F011FD8DF8570006E005E004E0EC
:1075F00003E001208DF85700FFE79DF8570068B9B8
:10760000FFE744F25841C5F60201086820F0070080
:10761000189AD2F890201043086004E09DF85700B3
:107620008DF85600FFE7FFE71898007880060028DD
:107630004ED5FFE71898D0F88C000790C8B1FFE747
:107640000798B0F1805F15D0FFE70798B0F1005FB1
:1076500018D0FFE70798B0F1405F1BD0FFE707980D
:10766000B0F1804F17D0FFE70798B0F1A04F13D0CB
:1076700013E016E018980830002104F0DDFB8DF8C7
:1076800057000EE018982830022104F0BDFC8DF858
:10769000570006E005E004E003E001208DF8570004
:1076A000FFE79DF8570068B9FFE744F25441C5F67B
:1076B0000201086820F0E040189AD2F88C201043AC
:1076C000086004E09DF857008DF85600FFE7FFE7DB
:1076D00018980078400600284ED5FFE71898D0F893
:1076E00098000690C8B1FFE70698B0F5806F15D0F6
:1076F000FFE70698B0F5006F18D0FFE70698B0F5E1
:10770000406F1BD0FFE70698B0F5805F17D0FFE70A
:107710000698B0F5A05F13D013E016E01898083073
:10772000002104F089FB8DF857000EE018982830EE
:10773000022104F069FC8DF8570006E005E004E042
:1077400003E001208DF85700FFE79DF8570068B966
:10775000FFE744F25841C5F60201086820F4E05002
:10776000189AD2F898201043086004E09DF857005A
:107770008DF85600FFE7FFE718980078000600280C
:107780004ED5FFE71898D0F89C000590C8B1FFE7E8
:107790000598B0F5005F15D0FFE70598B0F5804F6C
:1077A00018D0FFE70598B0F5C04F1BD0FFE705984C
:1077B000B0F5004F17D0FFE70598B0F5204F13D074
:1077C00013E016E018980830002104F035FB8DF81E
:1077D00057000EE018982830022104F015FC8DF8AF
:1077E000570006E005E004E003E001208DF85700B3
:1077F000FFE79DF8570068B9FFE744F25841C5F626
:107800000201086820F46040189AD2F89C201043C6
:10781000086004E09DF857008DF85600FFE7FFE789
:10782000189800780007002820D5FFE71898D0F8AE
:107830008000B0F5805F0CD1FFE718982830022156
:1078400004F0E2FB20B1FFE701208DF85600FFE7CE
:10785000FFE744F25441C5F60201086820F44050A5
:10786000189AD2F8802010430860FFE71898007833
:10787000C006002820D5FFE71898D0F89400B0F58E
:10788000807F0CD1FFE718982830022104F0BCFB60
:1078900020B1FFE701208DF85600FFE7FFE744F233
:1078A0005841C5F60201086820F44070189AD2F8D1
:1078B000942010430860FFE718988078000700289C
:1078C0003CD5FFE71898D0F8A000049050B1FFE72E
:1078D0000498B0F5803F0DD0FFE70498B0F5003F65
:1078E00010D010E018980830002104F0A5FA8DF8A7
:1078F00057000CE018982830022104F085FB8DF821
:10790000570004E003E001208DF85700FFE79DF8E1
:10791000570068B9FFE744F25841C5F6020108680C
:1079200020F44030189AD2F8A0201043086004E0F8
:107930009DF857008DF85600FFE7FFE7189880780C
:10794000400700283FD5FFE71898D0F8840003903F
:10795000B0F5801F0AD0FFE70398B0F5001F0ED0E6
:10796000FFE70398B0F5401F11D011E044F22C411D
:10797000C5F60201086840F4003008600CE0189871
:107980002830012104F040FB8DF8570004E003E0AB
:1079900001208DF85700FFE79DF8570068B9FFE711
:1079A00044F25441C5F60201086820F44010189AC8
:1079B000D2F884201043086004E09DF857008DF849
:1079C0005600FFE7FFE718988078C007A8B3FFE7E5
:1079D0001898006D029028B1FFE70298B0F5803F3B
:1079E00009D010E044F22C41C5F60201086840F4C9
:1079F000003008600BE018980830022104F01CFAEF
:107A00008DF8570003E001208DF85700FFE79DF83F
:107A1000570060B9FFE744F24C41C5F6020108681F
:107A200020F48030189A126D1043086004E09DF82D
:107A300057008DF85600FFE7FFE71898C0788006DA
:107A400000280CD5FFE718982830022104F0DCFA52
:107A500020B1FFE701208DF85600FFE7FFE71898F7
:107A60008078800700283AD5FFE71898C06F01900A
:107A7000D0B1FFE70198B0F5807F0AD0FFE7019809
:107A8000B0F5007F0ED0FFE70198B0F5407F0AD037
:107A90000BE044F22C41C5F60201086840F40030C6
:107AA000086006E005E004E003E001208DF85700DF
:107AB000FFE79DF8570060B9FFE744F25441C5F66F
:107AC0000201086820F44070189AD26F10430860D1
:107AD00004E09DF857008DF85600FFE7FFE718987F
:107AE0008078C00600280CD5FFE744F25041C5F667
:107AF0000201086820F00040189A126F10430860D5
:107B0000FFE718988078800600280CD5FFE744F23C
:107B10005041C5F60201086820F08070189A926EF4
:107B200010430860FFE71898C0784006002811D578
:107B3000FFE7FFE744F21041C5F60201086820F4B0
:107B4000004008601898D0F8B42008681043086016
:107B5000FFE7FFE71898C078000600280CD5FFE77C
:107B600044F24C41C5F60201086820F04050189AD2
:107B7000526D10430860FFE71898807800060028CF
:107B80000DD5FFE744F25441C5F60201086820F420
:107B90004000189AD2F8882010430860FFE7189830
:107BA0000079C00790B1FFE718980830002104F071
:107BB00043F98DF857009DF8570008B9FFE704E036
:107BC0009DF857008DF85600FFE7FFE718980079F9
:107BD0008007002812D5FFE718980830012104F02B
:107BE0002BF98DF857009DF8570008B9FFE704E01E
:107BF0009DF857008DF85600FFE7FFE718980079C9
:107C00004007002812D5FFE718980830022104F039
:107C100013F98DF857009DF8570008B9FFE704E005
:107C20009DF857008DF85600FFE7FFE71898007998
:107C30000007002812D5FFE718982830002104F02B
:107C4000E3F98DF857009DF8570008B9FFE704E005
:107C50009DF857008DF85600FFE7FFE71898007968
:107C6000C006002812D5FFE718982830012104F03B
:107C7000CBF98DF857009DF8570008B9FFE704E0ED
:107C80009DF857008DF85600FFE7FFE71898007938
:107C90008006002812D5FFE718982830022104F04A
:107CA000B3F98DF857009DF8570008B9FFE704E0D5
:107CB0009DF857008DF85600FFE7FFE79DF8560046
:107CC00020B9FFE700208DF8670003E001208DF860
:107CD0006700FFE79DF867001AB080BD0000000054
:107CE00080B586B004900391049820B9FFE7012085
:107CF0008DF817003CE2039842F20001C5F2002122
:107D0000096801F00F01884216D9FFE742F200002E
:107D1000C5F20020016821F00F01039A11430160B0
:107D2000006800F00F000399884204D0FFE70120AB
:107D30008DF817001CE2FFE7049800784007002840
:107D400019D5FFE70498006944F21841C5F602010D
:107D5000096801F0700188420CD9FFE744F218412C
:107D6000C5F60201086820F07000049A12691043F9
:107D70000860FFE7FFE7049800780007002819D59E
:107D8000FFE70498406944F21C41C5F60201096806
:107D900001F0700188420CD9FFE744F21C41C5F69E
:107DA0000201086820F07000049A526910430860CC
:107DB000FFE7FFE704980078C006002819D5FFE721
:107DC0000498806944F21C41C5F60201096801F477
:107DD000E06188420CD9FFE744F21C41C5F602017C
:107DE000086820F4E060049A926910430860FFE795
:107DF000FFE7049800788006002819D5FFE704986B
:107E0000C06944F22041C5F60201096801F0700121
:107E100088420CD9FFE744F22041C5F60201086808
:107E200020F07000049AD26910430860FFE7FFE772
:107E3000049800788007002819D5FFE70498C068E7
:107E400044F21841C5F60201096801F00F018842A9
:107E50000CD9FFE744F21841C5F60201086820F08A
:107E60000F00049AD26810430860FFE7FFE7049808
:107E70000078C007002800F08C80FFE744F218412A
:107E8000C5F60201086820F47060049A92681043F5
:107E9000086004984068022811D1FFE744F20040CE
:107EA000C5F60200006800F400310020B0EB514F2D
:107EB00004D1FFE701208DF8170059E13EE0049856
:107EC0004068032811D1FFE744F20040C5F60200E4
:107ED000006800F000710020B0EB516F04D1FFE7A3
:107EE00001208DF8170043E127E00498406801283D
:107EF00011D1FFE744F20040C5F60200006800F42B
:107F000080710020B0EB112F04D1FFE701208DF824
:107F100017002DE110E044F20040C5F602000068B1
:107F200000F004010020B0EB910F04D1FFE7012025
:107F30008DF817001CE1FFE7FFE7FFE744F210416F
:107F4000C5F60201086820F00700049A5268104341
:107F50000860FEF739FA0190FFE744F21040C5F6D9
:107F60000200006800F0380004994968B0EBC10FC6
:107F70000ED0FFE7FEF728FA0199401A41F2893145
:107F8000884204D3FFE703208DF81700F0E0E4E710
:107F9000FFE7049800788007002819D5FFE70498C8
:107FA000C06844F21841C5F60201096801F00F01EA
:107FB00088420CD2FFE744F21841C5F60201086876
:107FC00020F00F00049AD26810430860FFE7FFE733
:107FD000039842F20001C5F20021096801F00F0187
:107FE000884216D2FFE742F20000C5F20020016885
:107FF00021F00F01039A11430160006800F00F00A7
:108000000399884204D0FFE701208DF81700AFE004
:10801000FFE7049800784007002819D5FFE7049887
:10802000006944F21841C5F60201096801F07001C7
:1080300088420CD2FFE744F21841C5F602010868F5
:1080400020F07000049A126910430860FFE7FFE710
:10805000049800780007002819D5FFE704984069C4
:1080600044F21C41C5F60201096801F07001884222
:108070000CD2FFE744F21C41C5F60201086820F06B
:108080007000049A526910430860FFE7FFE7049804
:108090000078C006002819D5FFE70498806944F2EB
:1080A0001C41C5F60201096801F4E06188420CD266
:1080B000FFE744F21C41C5F60201086820F4E060C5
:1080C000049A926910430860FFE7FFE7049800787C
:1080D0008006002819D5FFE70498C06944F22041C2
:1080E000C5F60201096801F0700188420CD2FFE771
:1080F00044F22041C5F60201086820F07000049A9D
:10810000D26910430860FFE7FFE700F0CDF844F2C2
:108110001842C5F602021168C1F3032343F6DC419D
:10812000C0F60101CB5C03F01F03D840009000981B
:10813000126802F00F02895C01F01F01C84040F292
:108140000401C2F200410860009840F20001C2F24E
:108150000041086040F21000C2F200400068FEF7E3
:108160008BF98DF80B009DF80B008DF81700FFE7D9
:108170009DF8170006B080BD82B001900091019972
:108180003F20086044F21040C5F60200006800F08D
:1081900007000199486044F21840C5F602000168E2
:1081A00001F47061019A9160016801F00F01019A78
:1081B000D160006800F070000199086144F21C4031
:1081C000C5F60200016801F07001019A5161006872
:1081D00000F4E0600199886144F22040C5F6020095
:1081E000006800F070000199C86142F20000C5F219
:1081F0000020006800F00F000099086002B070478E
:1082000080B582B000F050F844F21842C5F6020280
:108210001168C1F3032343F6DC41C0F60101CB5CD6
:1082200003F01F03D84001900198126802F00F027A
:10823000895C01F01F0120FA01F140F20400C2F252
:1082400000400160019940F20002C2F20042116058
:10825000006802B080BD000080B5FFF7D1FF44F296
:108260001C41C5F602010968C1F3021243F6DC4164
:10827000C0F60101895C01F01F01C84080BD00000B
:1082800080B5FFF7BDFF44F21C41C5F60201096845
:10829000C1F3022243F6DC41C0F60101895C01F022
:1082A0001F01C84080BD00008AB044F21040C5F6EE
:1082B0000200006800F0380001460191182800F221
:1082C00069810199DFE811F0190066016601660114
:1082D00066016601660166013A0066016601660193
:1082E000660166016601660140006601660166017D
:1082F0006601660166016601460044F20040C5F66B
:108300000200006800F020010020B0EB511F0ED0E9
:10831000FFE744F20040C5F602000068C0F3C10167
:1083200049F20000C0F2D030C840029005E049F2A6
:108330000000C0F2D0300290FFE731E140F60010BB
:10834000C0F23D0002902BE147F64000C0F27D10E4
:10835000029025E144F22840C5F60200016801F0D0
:10836000030108910068C0F30510079044F22C4007
:10837000C5F60200006800F001000690069844F27D
:108380003441C5F60201096889B2C908484300EEC4
:10839000100AB8EE400A8DED040A0798002800F094
:1083A000F580FFE70898009048B1FFE700980128A2
:1083B00069D0FFE70098022800F08980ABE044F222
:1083C0000040C5F60200006800F020010020B0EB7C
:1083D000511F33D0FFE744F20040C5F602000068A9
:1083E000C0F3C10149F20000C0F2D030C84005908E
:1083F0009DED050AB8EE400A9DED071AB8EE411A48
:1084000080EE010A44F23040C5F6020000686FF3C6
:108410005F2001EE100AB8EE411A9DED042A9FED8F
:10842000633A82EE032A31EE021AB7EE002A31EEE9
:10843000021A20EE010A8DED030A23E09DED070AE2
:10844000B8EE401A9FED5B0A80EE010A44F230401C
:10845000C5F6020000686FF35F2001EE100AB8EE67
:10846000411A9DED042A9FED513A82EE032A31EE26
:10847000021AB7EE002A31EE021A20EE010A8DED43
:10848000030AFFE76BE09DED070AB8EE401A9FED87
:10849000480A80EE010A44F23040C5F60200006846
:1084A0006FF35F2001EE100AB8EE411A9DED042A29
:1084B0009FED3E3A82EE032A31EE021AB7EE002A11
:1084C00031EE021A20EE010A8DED030A47E09DED20
:1084D000070AB8EE401A9FED340A80EE010A44F212
:1084E0003040C5F6020000686FF35F2001EE100A0D
:1084F000B8EE411A9DED042A9FED2C3A82EE032A34
:1085000031EE021AB7EE002A31EE021A20EE010A0D
:108510008DED030A23E09DED070AB8EE401A9FEDAA
:10852000240A80EE010A44F23040C5F602000068D9
:108530006FF35F2001EE100AB8EE411A9DED042A98
:108540009FED1A3A82EE032A31EE021AB7EE002AA4
:1085500031EE021A20EE010A8DED030AFFE744F224
:108560003040C5F60200006881B2012000EB5120C6
:1085700009909DED030A9DED091AB8EE411A80EEAF
:10858000010ABCEEC00A8DED020A02E00020029052
:10859000FFE705E040F60010C0F23D000290FFE763
:1085A00002980AB0704700BF20BCBE4B00000046D6
:1085B0000024744A0024744C80B58CB00A900A9848
:1085C00028B9FFE701208DF82F0000F001BD0A98BF
:1085D0000078C007002800F0B980FFE744F210409F
:1085E000C5F60200006800F03800069044F228400A
:1085F000C5F6020000680590069810280AD0FFE72B
:10860000069818281CD1FFE7059800F003000228FF
:1086100016D1FFE744F20040C5F60200006800F4FE
:1086200000310020B0EB514F09D0FFE70A984068B5
:1086300028B9FFE701208DF82F0000F0C9BC84E0C5
:10864000FFE70A984068B0F5803F09D1FFE744F2A0
:108650000041C5F60201086840F48030086032E04D
:108660000A98406868B9FFE744F20041C5F6020184
:10867000086820F480300860086820F480200860D2
:1086800020E00A984068B0F5A02F0DD1FFE744F232
:108690000041C5F60201086840F4802008600868BF
:1086A00040F4803008600CE044F20041C5F602015D
:1086B000086820F480300860086820F48020086092
:1086C000FFE7FFE7FFE7FFE70A984068F0B1FFE741
:1086D000FDF77AFE0990FFE744F20040C5F602007C
:1086E000006800F400310020B0EB514F0DD1FFE7DE
:1086F000FDF76AFE0999401A652805D3FFE70320B4
:108700008DF82F0000F064BCE6E71DE0FDF75CFE8D
:108710000990FFE744F20040C5F60200006800F44B
:1087200000310020B0EB514F0DD0FFE7FDF74CFEBC
:108730000999401A652805D3FFE703208DF82F001B
:1087400000F046BCE6E7FFE7FFE7FFE70A9800789E
:108750008007002840F1C580FFE744F21040C5F6CD
:108760000200006800F03800049044F22840C5F68A
:10877000020000680390049850B1FFE7049818289D
:1087800050D1FFE79DF80C00800700284AD1FFE791
:1087900044F20040C5F60200006800F00401002029
:1087A000B0EB910F09D0FFE70A98C06828B9FFE73E
:1087B00001208DF82F0000F00BBC44F20041C5F6FB
:1087C0000201086820F019000A9AD2681043086074
:1087D000FDF7FAFD0990FFE744F20040C5F60200FC
:1087E000006800F004010020B0EB910F0CD1FFE70E
:1087F000FDF7EAFD0999401A032804D3FFE7032097
:108800008DF82F00E4E3E7E744F20441C5F60201E6
:10881000086820F0FE400A9A126940EA0260086087
:10882000FFE75DE00A98C068A0B3FFE744F20041AB
:10883000C5F60201086820F019000A9AD2681043B0
:108840000860FDF7C1FD0990FFE744F20040C5F65E
:108850000200006800F004010020B0EB910F0CD181
:10886000FFE7FDF7B1FD0999401A032804D3FFE79C
:1088700003208DF82F00ABE3E7E744F20441C5F68F
:108880000201086820F0FE400A9A126940EA02607C
:10889000086024E044F20041C5F60201086820F0B7
:1088A00001000860FDF790FD0990FFE744F20040E9
:1088B000C5F60200006800F004010020B0EB910F43
:1088C0000CD0FFE7FDF780FD0999401A032804D377
:1088D000FFE703208DF82F007AE3E7E7FFE7FFE7E4
:1088E000FFE70A980078C006002840F1A080FFE763
:1088F00044F21040C5F60200006800F03800029013
:1089000044F22840C5F60200006801900298082849
:108910000AD0FFE7029818282BD1FFE7019800F052
:108920000300012825D1FFE744F20040C5F602000C
:10893000006800F480710020B0EB112F09D0FFE730
:108940000A98C069802804D0FFE701208DF82F0025
:108950003EE3FFE744F20C41C5F60201086820F04F
:108960007C500A9A126A40EA02600860FFE7FFE75B
:108970005CE00A98C06998B3FFE744F20041C5F68D
:108980000201086840F080000860FDF71DFD0990B5
:10899000FFE744F20040C5F60200006800F4807171
:1089A0000020B0EB112F0CD1FFE7FDF70DFD099969
:1089B000401A032804D3FFE703208DF82F0007E3B4
:1089C000E7E7FFE744F20C41C5F60201086820F032
:1089D0007C500A9A126A40EA02600860FFE724E0CD
:1089E00044F20041C5F60201086820F080000860EA
:1089F000FDF7EAFC0990FFE744F20040C5F60200EB
:108A0000006800F480710020B0EB112F0CD0FFE75C
:108A1000FDF7DAFC0999401A032804D3FFE7032085
:108A20008DF82F00D4E2E7E7FFE7FFE7FFE70A98BA
:108A30000078000700284FD5FFE70A98406928B35F
:108A4000FFE744F27441C5F60201086840F00100F6
:108A50000860FDF7B9FC0990FFE744F27440C5F6E1
:108A60000200006800F002010020B0EB510F0CD1B1
:108A7000FFE7FDF7A9FC0999401A032804D3FFE793
:108A800003208DF82F00A3E2E7E724E044F27441CD
:108A9000C5F60201086820F001000860FDF794FCAB
:108AA0000990FFE744F27440C5F60200006800F048
:108AB00002010020B0EB510F0CD0FFE7FDF784FC62
:108AC0000999401A032804D3FFE703208DF82F00EB
:108AD0007EE2E7E7FFE7FFE70A98007880060028D4
:108AE0004FD5FFE70A98806928B3FFE744F20041B9
:108AF000C5F60201086840F480500860FDF764FC88
:108B00000990FFE744F20040C5F60200006800F457
:108B100000510020B0EB513F0CD1FFE7FDF754FCB2
:108B20000999401A032804D3FFE703208DF82F008A
:108B30004EE2E7E724E044F20041C5F6020108688E
:108B400020F480500860FDF73FFC0990FFE744F2F5
:108B50000040C5F60200006800F400510020B0EBB0
:108B6000513F0CD0FFE7FDF72FFC0999401A03286D
:108B700004D3FFE703208DF82F0029E2E7E7FFE7A2
:108B8000FFE70A9800784007002840F1A780FFE738
:108B900044F60001C5F60201086840F480700860E0
:108BA000FDF712FC0990FFE744F60000C5F602004D
:108BB0000068C00500280CD4FFE7FDF705FC099903
:108BC000401A652804D3FFE703208DF82F00FFE14A
:108BD000EAE7FFE70A988068012809D1FFE744F235
:108BE0007041C5F60201086840F00100086031E0FC
:108BF0000A98806868B9FFE744F27041C5F602013F
:108C0000086820F001000860086820F0040008608F
:108C10001FE00A98806805280DD1FFE744F27041F3
:108C2000C5F60201086840F004000860086840F0DA
:108C3000010008600CE044F27041C5F602010868CA
:108C400020F001000860086820F004000860FFE7D9
:108C5000FFE7FFE7FFE70A988068F8B1FFE7FDF755
:108C6000B3FB0990FFE744F27040C5F602000068CC
:108C700000F002010020B0EB510F0ED1FFE7FDF72D
:108C8000A3FB0999401A41F28931884204D3FFE7D6
:108C900003208DF82F009BE1E5E71EE0FDF794FB34
:108CA0000990FFE744F27040C5F60200006800F04A
:108CB00002010020B0EB510F0ED0FFE7FDF784FB5F
:108CC0000999401A41F28931884204D3FFE7032011
:108CD0008DF82F007CE1E5E7FFE7FFE70A98406A9F
:108CE000002800F07181FFE744F21040C5F6020051
:108CF000006800F03800182800F0E080FFE70A98CC
:108D0000406A022840F0B480FFE744F20041C5F613
:108D10000201086820F080700860FDF755FB09909B
:108D2000FFE744F20040C5F60200006800F0007161
:108D30000020B0EB516F0CD0FFE7FDF745FB099920
:108D4000401A032804D3FFE703208DF82F003FE1EA
:108D5000E7E7FFE744F22841C5F60201086840F260
:108D6000F33290430A9B9A6ADB6A42EA0312104389
:108D700008600A99086BD1F834C08B6BCA6B013854
:108D80006FF35F204FF60061CFF6FF7101EB4C21CE
:108D900089B208440021CFF6FF7101EB034101F4D1
:108DA000FE0108444FF07F4101EB026101F0FE41FA
:108DB000084444F23041C5F602010860FFE744F27E
:108DC0002C41C5F602010091086820F001000860FE
:108DD00044F23442C5F6020210684FF6F873984325
:108DE0000A9B9B6C40EAC3001060086820F00C00EE
:108DF0000A9A126C10430860086820F002000A9A70
:108E0000526C10430860086840F4803008600868BD
:108E100040F400300860086840F48020086008686A
:108E200040F00100086044F20041C5F60201086804
:108E300040F080700860FDF7C7FA0990FFE744F240
:108E40000040C5F60200006800F000710020B0EBA1
:108E5000516F0CD1FFE7FDF7B7FA0999401A0328C3
:108E600004D3FFE703208DF82F00B1E0E7E724E00B
:108E700044F20041C5F60201086820F080700860E5
:108E8000FDF7A2FA0990FFE744F20040C5F60200A0
:108E9000006800F000710020B0EB516F0CD0FFE7CC
:108EA000FDF792FA0999401A032804D3FFE703203B
:108EB0008DF82F008CE0E7E7FFE784E044F22840DC
:108EC000C5F602000068089044F23040C5F6020082
:108ED000006807900A98406A012837D0FFE7089891
:108EE00000F003000A99896A88422FD1FFE70898A9
:108EF00000F47C710A98C06AB0EB111F26D1FFE71D
:108F000007986FF35F200A99096B013988421DD1D8
:108F1000FFE7BDF81C100A98406B0138B0EB512FE9
:108F200014D1FFE7079800F4FE010A98806B01381E
:108F3000B0EB114F0AD1FFE7079800F0FE410A9805
:108F4000C06B0138B0EB116F04D0FFE701208DF842
:108F50002F003DE044F23440C5F60200006880B2C4
:108F6000C00808900A98806C0899884229D0FFE7C9
:108F700044F22C41C5F60201086820F001000860A7
:108F8000FDF722FA0990FFE7FDF71EFA0999401A4A
:108F900008B9FFE7F8E744F23441C5F60201086872
:108FA0004FF6F87290430A9A926C40EAC200086049
:108FB00044F22C41C5F60201086840F00100086047
:108FC000FFE7FFE7FFE7FFE700208DF82F00FFE74F
:108FD0009DF82F000CB080BD81B0009001B07047AB
:108FE00081B0009001B0704781B0009001B070472F
:108FF00080B582B00090009820B9FFE701208DF87D
:10900000070045E0009890F83D0040B9FFE700995F
:10901000002081F83C00009800F03EF8FFE700993E
:10902000022081F83D00009951F8040B03F01CFC6C
:109030000099012081F84800FFE70099012081F89C
:109040003E00009981F83F00009981F840000099A6
:1090500081F84100009981F84200009981F84300AD
:10906000FFE7FFE70099012081F84400009981F8AB
:109070004500009981F84600009981F84700FFE714
:109080000099012081F83D0000208DF80700FFE7DE
:109090009DF8070002B080BD81B0009001B070471C
:1090A00083B00190019890F83D00012804D0FFE7BB
:1090B00001208DF80B0083E00199022081F83D002A
:1090C00001980168C86840F00100C8600198006814
:1090D0000021C4F2010188424ED0FFE701980068E8
:1090E000B0F1804F48D0FFE70198006840F200419E
:1090F000C4F2000188423FD0FFE70198006840F6C3
:109100000001C4F20001884236D0FFE701980068F0
:1091100040F60041C4F2000188422DD0FFE70198DB
:10912000006840F20041C4F20101884224D0FFE708
:109130000198006841F60001C4F2000188421BD08A
:10914000FFE70198006844F20001C4F2010188427F
:1091500012D0FFE7019800684EF20001C4F200014E
:10916000884209D0FFE7019800684EF20041C4F23E
:109170000001884219D1FFE7019800688068072143
:10918000C0F2010108400090009806280CD0FFE7CB
:109190000098B0F5803F07D0FFE7019801680868A4
:1091A00040F001000860FFE706E0019801680868E8
:1091B00040F001000860FFE700208DF80B00FFE79A
:1091C0009DF80B0003B0704781B0009001B070476C
:1091D00080B584B0039003980068C068029003983B
:1091E0000068006901909DF804008007002824D5DC
:1091F000FFE79DF80800800700281DD5FFE70398CA
:1092000001686FF002000861039901200877039854
:1092100000688069800720B1FFE70398FFF7D4FF5B
:1092200006E0039800F0FCF8039800F0FDF8FFE773
:10923000039900200877FFE7FFE79DF80400400747
:10924000002825D5FFE79DF80800400700281ED517
:10925000FFE7039801686FF004000861039902209A
:10926000087703980068806910F4407F04D0FFE716
:109270000398FFF7A9FF06E0039800F0D1F80398E0
:1092800000F0D2F8FFE7039900200877FFE7FFE737
:109290009DF804000007002824D5FFE79DF808008A
:1092A000000700281DD5FFE7039801686FF008004C
:1092B000086103990420087703980068C069800753
:1092C00020B1FFE70398FFF77FFF06E0039800F067
:1092D000A7F8039800F0A8F8FFE7039900200877A3
:1092E000FFE7FFE79DF80400C006002825D5FFE74B
:1092F0009DF80800C00600281ED5FFE70398016806
:109300006FF010000861039908200877039800683F
:10931000C06910F4407F04D0FFE70398FFF754FFC3
:1093200006E0039800F07CF8039800F07DF8FFE772
:10933000039900200877FFE7FFE79DF80400C007C6
:1093400078B1FFE79DF80800C00748B1FFE7039830
:1093500001686FF001000861039800F069F8FFE709
:10936000FFE7019800F08000802806D0FFE79DF815
:1093700005008006002810D5FFE79DF808000006CC
:10938000002809D5FFE7039801686FF402500861CF
:109390000398FFF725FEFFE7FFE79DF80500C007EC
:1093A00080B1FFE79DF808000006002809D5FFE717
:1093B000039801686FF4807008610398FFF70CFE52
:1093C000FFE7FFE79DF804004006002810D5FFE7FF
:1093D0009DF808004006002809D5FFE703980168BA
:1093E0006FF040000861039800F036F8FFE7FFE7F0
:1093F0009DF804008006002810D5FFE79DF80800BE
:109400008006002809D5FFE7039801686FF0200067
:1094100008610398FFF7E8FDFFE7FFE704B080BDB0
:1094200081B0009001B0704781B0009001B07047EA
:1094300080B582B001900198006840F60001C4F246
:109440000001884203D1FFE7FCF7C6FFFFE702B047
:1094500080BD00000000000081B0009001B07047A6
:1094600083B00190FFE7019890F88400012804D1AF
:10947000FFE702208DF80B002CE00199012081F814
:109480008400FFE7FFE701992420C1F888000198D4
:1094900000680068009001980168086820F00100E9
:1094A0000860009820F00050009001990020486664
:1094B000009801990968086001992020C1F8880086
:1094C000FFE70199002081F88400FFE700208DF874
:1094D0000B00FFE79DF80B0003B070470000000091
:1094E00080B586B004900391ADF80A200498D0F8B6
:1094F0008C00202844D1FFE7039820B1FFE7BDF896
:109500000A0020B9FFE701208DF817003CE004991C
:109510000120C86604990020086704980399BDF8E3
:109520000A2004F01DFC8DF809009DF8090010BB0D
:10953000FFE70498C06E012818D1FFE7049801687E
:1095400010200862FFE7FFE70498006850E8000F6A
:1095500040F010000190FFE701990498026842E88A
:1095600000100028F0D1FFE7FFE703E001208DF8AD
:109570000900FFE7FFE79DF809008DF8170003E0F9
:1095800002208DF81700FFE79DF8170006B080BD98
:1095900080B586B00590ADF812100598006841F2CC
:1095A0000001C4F20101884240F01481FFE7BDF8D8
:1095B000120013280ED1FFE740F25C10C2F2004007
:1095C000006840F61051C2F2004100231A4605F02F
:1095D00057FCFFE740F29050C2F20040039040F683
:1095E0001051C2F200411322FFF77AFF0398D0F81E
:1095F000800000681021C4F20201884200F0D1808E
:10960000FFE740F29050C2F20040D0F880000068BE
:109610002821C4F20201884200F0C380FFE740F233
:109620009050C2F20040D0F8800000684021C4F29F
:109630000201884200F0B580FFE740F29050C2F28C
:109640000040D0F8800000685821C4F2020188422E
:1096500000F0A780FFE740F29050C2F20040D0F83F
:10966000800000687021C4F20201884200F09980F5
:10967000FFE740F29050C2F20040D0F8800000684E
:109680008821C4F20201884200F08B80FFE740F29B
:109690009050C2F20040D0F880000068A021C4F2CF
:1096A000020188427DD0FFE740F29050C2F20040B4
:1096B000D0F880000068B821C4F20201884270D05E
:1096C000FFE740F29050C2F20040D0F880000068FE
:1096D00040F21041C4F20201884262D0FFE740F23A
:1096E0009050C2F20040D0F88000006840F228415B
:1096F000C4F20201884254D0FFE740F29050C2F217
:109700000040D0F88000006840F24041C4F20201FD
:10971000884246D0FFE740F29050C2F20040D0F8B5
:109720008000006840F25841C4F20201884238D0FB
:10973000FFE740F29050C2F20040D0F8800000688D
:1097400040F27041C4F2020188422AD0FFE740F2A1
:109750009050C2F20040D0F88000006840F288418A
:10976000C4F2020188421CD0FFE740F29050C2F2DE
:109770000040D0F88000006840F2A041C4F202012D
:1097800088420ED0FFE740F29050C2F20040D0F87D
:109790008000006840F2B841C4F2020188420CD156
:1097A000FFE740F29050C2F20040D0F8800001681C
:1097B000086820F0080008600BE040F29050C2F208
:1097C0000040D0F880000168086820F004000860BC
:1097D000FFE7FFE70598006844F20041C4F200018A
:1097E000884240F01481FFE7BDF8120013280ED123
:1097F000FFE740F23810C2F20040006840F6FD4139
:10980000C2F2004100231A4605F03AFBFFE740F29E
:109810002460C2F20040029040F6FD41C2F20041D5
:109820001322FFF75DFE0298D0F880000068102137
:10983000C4F20201884200F0D180FFE740F22460C8
:10984000C2F20040D0F8800000682821C4F2020172
:10985000884200F0C380FFE740F22460C2F200407B
:10986000D0F8800000684021C4F20201884200F074
:10987000B580FFE740F22460C2F20040D0F88000DB
:1098800000685821C4F20201884200F0A780FFE777
:1098900040F22460C2F20040D0F8800000687021DD
:1098A000C4F20201884200F09980FFE740F2246090
:1098B000C2F20040D0F8800000688821C4F20201A2
:1098C000884200F08B80FFE740F22460C2F2004043
:1098D000D0F880000068A021C4F2020188427DD047
:1098E000FFE740F22460C2F20040D0F88000006838
:1098F000B821C4F20201884270D0FFE740F2246030
:10990000C2F20040D0F88000006840F21041C4F27A
:109910000201884262D0FFE740F22460C2F20040B8
:10992000D0F88000006840F22841C4F20201884269
:1099300054D0FFE740F22460C2F20040D0F880002B
:10994000006840F24041C4F20201884246D0FFE77D
:1099500040F22460C2F20040D0F88000006840F27B
:109960005841C4F20201884238D0FFE740F2246037
:10997000C2F20040D0F88000006840F27041C4F2AA
:10998000020188422AD0FFE740F22460C2F2004080
:10999000D0F88000006840F28841C4F20201884299
:1099A0001CD0FFE740F22460C2F20040D0F88000F3
:1099B000006840F2A041C4F2020188420ED0FFE7E5
:1099C00040F22460C2F20040D0F88000006840F20B
:1099D000B841C4F2020188420CD1FFE740F2246092
:1099E000C2F20040D0F880000168086820F008004A
:1099F00008600BE040F22460C2F20040D0F8800022
:109A00000168086820F004000860FFE7FFE7059898
:109A1000006847F60001C4F20001884240F014815A
:109A2000FFE7BDF8120007280ED1FFE740F24C70A7
:109A3000C2F20040006840F62351C2F20041002308
:109A40001A4605F01DFAFFE740F2B860C2F2004086
:109A5000019040F62351C2F200410722FFF740FD7A
:109A60000198D0F8800000681021C4F202018842F9
:109A700000F0D180FFE740F2B860C2F20040D0F8B9
:109A8000800000682821C4F20201884200F0C380EF
:109A9000FFE740F2B860C2F20040D0F880000068F2
:109AA0004021C4F20201884200F0B580FFE740F295
:109AB000B860C2F20040D0F8800000685821C4F2BB
:109AC0000201884200F0A780FFE740F2B860C2F2CE
:109AD0000040D0F8800000687021C4F20201884282
:109AE00000F09980FFE740F2B860C2F20040D0F881
:109AF000800000688821C4F20201884200F08B8057
:109B0000FFE740F2B860C2F20040D0F88000006881
:109B1000A021C4F2020188427DD0FFE740F2B86084
:109B2000C2F20040D0F880000068B821C4F20201FF
:109B3000884270D0FFE740F2B860C2F20040D0F82F
:109B40008000006840F21041C4F20201884262D0F5
:109B5000FFE740F2B860C2F20040D0F88000006831
:109B600040F22841C4F20201884254D0FFE740F29B
:109B7000B860C2F20040D0F88000006840F2404176
:109B8000C4F20201884246D0FFE740F2B860C2F258
:109B90000040D0F88000006840F25841C4F2020151
:109BA000884238D0FFE740F2B860C2F20040D0F8F7
:109BB0008000006840F27041C4F2020188422AD05D
:109BC000FFE740F2B860C2F20040D0F880000068C1
:109BD00040F28841C4F2020188421CD0FFE740F203
:109BE000B860C2F20040D0F88000006840F2A041A6
:109BF000C4F2020188420ED0FFE740F2B860C2F220
:109C00000040D0F88000006840F2B841C4F2020180
:109C100088420CD1FFE740F2B860C2F20040D0F8B1
:109C200080000168086820F0080008600BE040F23E
:109C3000B860C2F20040D0F880000168086820F0E7
:109C400004000860FFE7FFE706B080BD00000000E9
:109C500081B0009001B0704780B584B0029001914E
:109C6000FFE7029890F88400012804D1FFE7022062
:109C70008DF80F0032E00299012081F88400FFE79F
:109C8000FFE702992420C1F8880002980068006864
:109C9000009002980168086820F0010008600298AE
:109CA0000068806820F060600199084302990968A3
:109CB0008860029802F0C4FE009802990968086062
:109CC00002992020C1F88800FFE70299002081F85E
:109CD0008400FFE700208DF80F00FFE79DF80F00DC
:109CE00004B080BD0000000080B584B002900191F6
:109CF000FFE7029890F88400012804D1FFE70220D2
:109D00008DF80F0032E00299012081F88400FFE70E
:109D1000FFE702992420C1F88800029800680068D3
:109D2000009002980168086820F00100086002981D
:109D30000068806820F06040019908430299096832
:109D40008860029802F07CFE009802990968086019
:109D500002992020C1F88800FFE70299002081F8CD
:109D60008400FFE700208DF80F00FFE79DF80F004B
:109D700004B080BD0000000081B0009001B07047C9
:109D800081B0009001B0704780B584B00390039813
:109D9000006841F20001C4F20101884240F00181F3
:109DA000FFE740F29050C2F20040029040F610519E
:109DB000C2F200411322FFF793FB0298D0F8800013
:109DC00000681021C4F20201884200F0D180FFE750
:109DD00040F29050C2F20040D0F880000068282184
:109DE000C4F20201884200F0C380FFE740F29050C5
:109DF000C2F20040D0F8800000684021C4F20201A5
:109E0000884200F0B580FFE740F29050C2F2004077
:109E1000D0F8800000685821C4F20201884200F0A6
:109E2000A780FFE740F29050C2F20040D0F88000D7
:109E300000687021C4F20201884200F09980FFE7B7
:109E400040F29050C2F20040D0F8800000688821B3
:109E5000C4F20201884200F08B80FFE740F290508C
:109E6000C2F20040D0F880000068A021C4F20201D4
:109E700088427DD0FFE740F29050C2F20040D0F817
:109E800080000068B821C4F20201884270D0FFE768
:109E900040F29050C2F20040D0F88000006840F2DA
:109EA0001041C4F20201884262D0FFE740F29050B4
:109EB000C2F20040D0F88000006840F22841C4F2AD
:109EC0000201884254D0FFE740F29050C2F20040B5
:109ED000D0F88000006840F24041C4F2020188429C
:109EE00046D0FFE740F29050C2F20040D0F8800028
:109EF000006840F25841C4F20201884238D0FFE7BE
:109F000040F29050C2F20040D0F88000006840F269
:109F10007041C4F2020188422AD0FFE740F290501B
:109F2000C2F20040D0F88000006840F28841C4F2DC
:109F3000020188421CD0FFE740F29050C2F200407C
:109F4000D0F88000006840F2A041C4F202018842CB
:109F50000ED0FFE740F29050C2F20040D0F88000EF
:109F6000006840F2B841C4F2020188420CD1FFE718
:109F700040F29050C2F20040D0F8800001680868BA
:109F800020F0080008600BE040F29050C2F2004060
:109F9000D0F880000168086820F004000860FFE73E
:109FA000FFE70398006844F20041C4F200018842D0
:109FB00040F00181FFE740F22460C2F200400190CE
:109FC00040F6FD41C2F200411322FFF789FA0198E1
:109FD000D0F8800000681021C4F20201884200F02D
:109FE000D180FFE740F22460C2F20040D0F8800048
:109FF00000682821C4F20201884200F0C380FFE714
:10A0000040F22460C2F20040D0F880000068402195
:10A01000C4F20201884200F0B580FFE740F22460FC
:10A02000C2F20040D0F8800000685821C4F202015A
:10A03000884200F0A780FFE740F22460C2F20040AF
:10A04000D0F8800000687021C4F20201884200F05C
:10A050009980FFE740F22460C2F20040D0F880000F
:10A0600000688821C4F20201884200F08B80FFE77B
:10A0700040F22460C2F20040D0F880000068A021C5
:10A08000C4F2020188427DD0FFE740F22460C2F2B0
:10A090000040D0F880000068B821C4F20201884274
:10A0A00070D0FFE740F22460C2F20040D0F8800098
:10A0B000006840F21041C4F20201884262D0FFE71A
:10A0C00040F22460C2F20040D0F88000006840F204
:10A0D0002841C4F20201884254D0FFE740F22460D4
:10A0E000C2F20040D0F88000006840F24041C4F263
:10A0F0000201884246D0FFE740F22460C2F20040ED
:10A10000D0F88000006840F25841C4F20201884251
:10A1100038D0FFE740F22460C2F20040D0F880005F
:10A12000006840F27041C4F2020188422AD0FFE781
:10A1300040F22460C2F20040D0F88000006840F293
:10A140008841C4F2020188421CD0FFE740F224603B
:10A15000C2F20040D0F88000006840F2A041C4F292
:10A16000020188420ED0FFE740F22460C2F20040B4
:10A17000D0F88000006840F2B841C4F20201884281
:10A180000CD1FFE740F22460C2F20040D0F880001A
:10A190000168086820F0080008600BE040F22460C5
:10A1A000C2F20040D0F880000168086820F0040086
:10A1B0000860FFE7FFE70398006847F60001C4F274
:10A1C0000001884240F00181FFE740F2B860C2F22E
:10A1D0000040009040F62351C2F200410722FFF7F1
:10A1E0007FF90098D0F8800000681021C4F20201C5
:10A1F000884200F0D180FFE740F2B860C2F2004030
:10A20000D0F8800000682821C4F20201884200F0E2
:10A21000C380FFE740F2B860C2F20040D0F880008F
:10A2200000684021C4F20201884200F0B580FFE7D7
:10A2300040F2B860C2F20040D0F8800000685821B7
:10A24000C4F20201884200F0A780FFE740F2B86044
:10A25000C2F20040D0F8800000687021C4F2020110
:10A26000884200F09980FFE740F2B860C2F20040F7
:10A27000D0F8800000688821C4F20201884200F012
:10A280008B80FFE740F2B860C2F20040D0F8800057
:10A290000068A021C4F2020188427DD0FFE740F2AD
:10A2A000B860C2F20040D0F880000068B821C4F263
:10A2B0000201884270D0FFE740F2B860C2F200406D
:10A2C000D0F88000006840F21041C4F202018842D8
:10A2D00062D0FFE740F2B860C2F20040D0F88000E0
:10A2E000006840F22841C4F20201884254D0FFE7DE
:10A2F00040F2B860C2F20040D0F88000006840F23E
:10A300004041C4F20201884246D0FFE740F2B86003
:10A31000C2F20040D0F88000006840F25841C4F218
:10A320000201884238D0FFE740F2B860C2F2004034
:10A33000D0F88000006840F27041C4F20201884207
:10A340002AD0FFE740F2B860C2F20040D0F88000A7
:10A35000006840F28841C4F2020188421CD0FFE745
:10A3600040F2B860C2F20040D0F88000006840F2CD
:10A37000A041C4F2020188420ED0FFE740F2B8606B
:10A38000C2F20040D0F88000006840F2B841C4F248
:10A39000020188420CD1FFE740F2B860C2F20040EF
:10A3A000D0F880000168086820F0080008600BE021
:10A3B00040F2B860C2F20040D0F88000016808683E
:10A3C00020F004000860FFE7FFE704B080BD000054
:10A3D00080B592B0119011980068C06910901198E2
:10A3E000006800680F901198006880680E901098BF
:10A3F00040F60F0108400D900D98E0B9FFE79DF879
:10A4000040008006002815D5FFE79DF83C00800637
:10A41000002806D4FFE79DF83B00C006002809D5B8
:10A42000FFE71198406F20B1FFE71198416F88470F
:10A43000FFE74AE3FFE70D98002800F00C81FFE7F3
:10A440000E980121C1F20001084209D1FFE70F98DF
:10A4500040F22011C0F20041084200F0FC80FFE70A
:10A460009DF84000C00788B1FFE79DF83D00C00798
:10A4700060B1FFE711980168012008621199D1F8D5
:10A48000900040F00100C1F89000FFE79DF8400007
:10A490008007002811D5FFE79DF83800C00760B19C
:10A4A000FFE711980168022008621199D1F8900025
:10A4B00040F00400C1F89000FFE79DF8400040071D
:10A4C000002811D5FFE79DF83800C00760B1FFE70D
:10A4D00011980168042008621199D1F8900040F0A9
:10A4E0000200C1F89000FFE79DF840000007002837
:10A4F00019D5FFE79DF83C008006002807D4FFE748
:10A500000E980121C1F2000108420CD0FFE711981A
:10A510000168082008621199D1F8900040F0080005
:10A52000C1F89000FFE79DF841000007002813D50F
:10A53000FFE79DF83F00400700280DD5FFE7119881
:10A5400001684FF4006008621199D1F8900040F062
:10A550002000C1F89000FFE71198D0F89000002883
:10A5600078D0FFE79DF840008006002815D5FFE76A
:10A570009DF83C008006002806D4FFE79DF83B00CC
:10A58000C006002809D5FFE71198406F20B1FFE70A
:10A590001198416F8847FFE7FFE71198D0F89000C6
:10A5A0000C9011980068806800F04000402806D0A8
:10A5B000FFE79DF8300010F0280F42D0FFE7119818
:10A5C00002F002FE1198006880684006002833D52A
:10A5D000FFE7FFE7FFE71198006850E8020F20F05F
:10A5E00040000B90FFE70B991198026842E80210B7
:10A5F0000028F0D1FFE7FFE71198D0F88000B0B154
:10A60000FFE71198D0F880104CF65950C0F60000C2
:10A6100008651198D0F88000F7F79EFF30B1FFE78A
:10A620001198D0F88000016D8847FFE703E011988A
:10A63000FFF7AAFBFFE703E01198FFF7A5FBFFE791
:10A6400007E01198FFF7A0FB11990020C1F89000D6
:10A65000FFE7FFE739E21198C06E012840F0D6818C
:10A66000FFE79DF84000C006002840F1CF81FFE7DA
:10A670009DF83C00C006002840F1C881FFE7119812
:10A680000168102008621198006880684006002860
:10A6900040F15A81FFE71198D0F88000006810213E
:10A6A000C4F20201884200F0A280FFE71198D0F8BE
:10A6B000800000682821C4F20201884200F09780DF
:10A6C000FFE71198D0F8800000684021C4F2020131
:10A6D000884200F08C80FFE71198D0F88000006875
:10A6E0005821C4F20201884200F08180FFE71198EE
:10A6F000D0F8800000687021C4F20201884276D050
:10A70000FFE71198D0F8800000688821C4F20201A8
:10A7100088426CD0FFE71198D0F880000068A02133
:10A72000C4F20201884262D0FFE71198D0F880009D
:10A730000068B821C4F20201884258D0FFE711989E
:10A74000D0F88000006840F21041C4F20201884253
:10A750004DD0FFE71198D0F88000006840F2284102
:10A76000C4F20201884242D0FFE71198D0F880007D
:10A77000006840F24041C4F20201884237D0FFE74E
:10A780001198D0F88000006840F25841C4F20201EC
:10A7900088422CD0FFE71198D0F88000006840F282
:10A7A0007041C4F20201884221D0FFE71198D0F82D
:10A7B0008000006840F28841C4F20201884216D04D
:10A7C000FFE71198D0F88000006840F2A041C4F281
:10A7D000020188420BD0FFE71198D0F88000006892
:10A7E00040F2B841C4F20201884207D1FFE7119854
:10A7F000D0F8800000684068019006E01198D0F819
:10A800008000006840680190FFE70198ADF82A00D9
:10A81000BDF82A0000287BD0FFE7BDF82A00119977
:10A82000B1F85C10884273DAFFE7BDF82A0011998D
:10A83000A1F85E001198D0F88000C069B0F5807F63
:10A8400059D0FFE7FFE7FFE71198006850E8000FD5
:10A8500020F480700990FFE709991198026842E896
:10A8600000100028F0D1FFE7FFE7FFE7FFE71198AE
:10A87000006850E8020F20F001000890FFE70899F7
:10A880001198026842E802100028F0D1FFE7FFE7C4
:10A89000FFE7FFE71198006850E8020F20F0400042
:10A8A0000790FFE707991198026842E80210002814
:10A8B000F0D1FFE7FFE711992020C1F88C00119932
:10A8C0000020C866FFE7FFE71198006850E8000F16
:10A8D00020F010000690FFE706991198026842E800
:10A8E00000100028F0D1FFE7FFE71198D0F88000B2
:10A8F000F7F776F9FFE71199022008671198B0F889
:10A900005C10B0F85E20891A89B2FEF741FE1AE0A9
:10A91000BDF82A001199B1F85C10884212D1FFE706
:10A920001198D0F88000C069B0F5807F09D1FFE7A9
:10A930001199022008671198B0F85C10FEF728FE04
:10A94000FFE7FFE7FFE7C0E01199B1F85C00B1F85D
:10A950005E10401AADF816001198B0F85E0000289D
:10A9600053D0FFE7BDF8160000284ED0FFE7FFE701
:10A97000FFE71198006850E8000F20F490700490F1
:10A98000FFE704991198026842E800100028F0D10E
:10A99000FFE7FFE7FFE7FFE71198006850E8020FC5
:10A9A0004FF6FE71CEF6FF7108400390FFE7039962
:10A9B0001198026842E802100028EDD1FFE7FFE796
:10A9C00011992020C1F88C0011990020C8661199B6
:10A9D0004867FFE7FFE71198006850E8000F20F094
:10A9E00010000290FFE702991198026842E80010F7
:10A9F0000028F0D1FFE7FFE71199022008671198BE
:10AA0000BDF81610FEF7C4FDFFE75EE09DF84200BA
:10AA1000C00600280FD5FFE79DF83A004006002841
:10AA200009D5FFE7119801684FF48010086211986A
:10AA3000FFF7A6F949E09DF840000006002815D56B
:10AA4000FFE79DF83C000006002806D4FFE79DF8CC
:10AA50003A000006002809D5FFE71198806F20B161
:10AA6000FFE71198816F8847FFE72EE09DF84000CF
:10AA7000400600280AD5FFE79DF83C004006002864
:10AA800004D5FFE7119802F0EFFB1EE09DF84200AD
:10AA9000000600280AD5FFE79DF83F004006002881
:10AAA00004D5FFE71198FFF767F90EE09DF8430022
:10AAB000C00750B1FFE79DF83F000006002804D50D
:10AAC000FFE71198FFF7C4F8FFE712B080BD000060
:10AAD00080B582B00090009820B9FFE701208DF882
:10AAE000070046E00098806908B1FFE700E0FFE753
:10AAF0000098D0F8880040B9FFE70099002081F85D
:10AB00008400009800F03CF8FFE700992420C1F889
:10AB1000880000980168086820F00100086000982B
:10AB2000806A20B1FFE7009801F0CEFFFFE70098B0
:10AB300002F0EEFB012804D1FFE701208DF80700A9
:10AB400017E000980168486820F490404860009839
:10AB50000168886820F02A00886000980168086809
:10AB600040F001000860009802F052F88DF80700EC
:10AB7000FFE79DF8070002B080BD00000000000064
:10AB800080B5CAB0499000204890479046904590C3
:10AB9000449016A8B821F5F726FD4998006847F6B5
:10ABA0000001C4F20001884240F0AD80FFE70020C0
:10ABB000179002211691339016A8FCF799F818B156
:10ABC000FFE7F6F711FEFFE7FFE744F2E840C5F6BE
:10ABD0000200016841F080410160006800F080409F
:10ABE00015901598FFE7FFE744F2E040C5F6020034
:10ABF000016841F002010160006800F00200149059
:10AC00001498FFE70820449002200A904590012004
:10AC1000469000200E9047900B200B90489040F2F9
:10AC20000040C5F602000C9044A90D91FBF7D4F941
:10AC3000DDF828C00B9A0C980D990E9B4FF0100E62
:10AC4000CDF810E1CDF814C1469347934892FBF735
:10AC5000C3F90E9940F2F010C2F200400F9010229A
:10AC6000C4F2020202605022426040228260C1604F
:10AC70004FF48062026141618161C16101624162A0
:10AC8000F9F7A2F818B1FFE7F6F7AEFDFFE7FFE727
:10AC9000499840F2F011C2F20041C16749988863B7
:10ACA000FFE740F27810C2F2004009902821C4F278
:10ACB000020101604F21416000218160C1604FF4B9
:10ACC0008062026141618161C16101624162F9F7A3
:10ACD0007BF818B1FFE7F6F787FDFFE7FFE7499834
:10ACE00040F27811C2F20041C0F8801049988863A0
:10ACF000FFE75220089005210022FBF7C1FC0898CD
:10AD0000FBF7B2FC42E14998006841F20001C4F24D
:10AD10000101884240F09880FFE700201790012150
:10AD20001691349016A8FBF7E3FF18B1FFE7F6F78A
:10AD30005BFDFFE7FFE744F2F040C5F60200016863
:10AD400041F010010160006800F0100013901398AA
:10AD5000FFE7FFE744F2E040C5F60200016841F07A
:10AD600002010160006800F0020012901298FFE7F3
:10AD70004FF44040449002204590002006904690B9
:10AD800047900420489040F20040C5F6020044A9D4
:10AD9000FBF722F9069940F2E020C2F2004007904A
:10ADA0004022C4F2020202602A22426040228260F3
:10ADB000C1604FF48062026141618161C1610162E1
:10ADC0004162F9F701F818B1FFE7F6F70DFDFFE76B
:10ADD000FFE7499840F2E021C2F20041C16749987B
:10ADE0008863FFE740F26820C2F2004005905821D6
:10ADF000C4F2020101602921416000218160C1602B
:10AE00004FF48062026141618161C161016241620E
:10AE1000F8F7DAFF18B1FFE7F6F7E6FCFFE7FFE720
:10AE2000499840F26821C2F20041C0F88010499868
:10AE30008863FFE72520049005210022FBF720FC12
:10AE40000498FBF711FCA0E04998006844F2004127
:10AE5000C4F20001884240F09780FFE7002017907D
:10AE600002211691339016A8FBF742FF18B1FFE7B5
:10AE7000F6F7BAFCFFE7FFE744F2E840C5F6020048
:10AE8000016841F400310160006800F40030119065
:10AE90001198FFE7FFE744F2E040C5F602000168C1
:10AEA00041F008010160006800F00800109010985F
:10AEB000FFE76020449002204590002002904690D9
:10AEC00047900720489040F60040C5F6020044A98C
:10AED000FBF782F8029940F25830C2F2004003902A
:10AEE0007022C4F2020202602B2242608160C160C3
:10AEF0004FF48062026141618161C161016241621E
:10AF0000F8F762FF18B1FFE7F6F76EFCFFE7FFE71F
:10AF1000499840F25831C2F20041C0F88010499877
:10AF20008863FFE740F2D030C2F2004001908821F0
:10AF3000C4F2020101602C214160402181600021A6
:10AF4000C1604FF48062026141618161C16101624F
:10AF50004162F8F739FF18B1FFE7F6F745FCFFE764
:10AF6000FFE7499840F2D031C2F20041C1674998E9
:10AF70008863FFE72620009005210022FBF780FB75
:10AF80000098FBF771FBFFE7FFE7FFE74AB080BDE2
:10AF900081B0009001B0704781B0009001B070475F
:10AFA00081B0009001B0704780B586B00590002058
:10AFB000ADF8120005980078AA2840F09D80FFE7C0
:10AFC0000598807CBB2840F09780FFE701208DF832
:10AFD0001100FFE79DF81100102810DCFFE705982D
:10AFE0009DF81110415CBDF812000844ADF8120044
:10AFF000FFE79DF8110001308DF81100EAE79DF898
:10B0000012000599497C884275D1FFE700208DF830
:10B010001000FFE79DF81000072811DCFFE70598F6
:10B020009DF810201044407840F26011C2F20041B7
:10B030008854FFE79DF8100001308DF81000E9E713
:10B0400040F26010C2F200400190008801F0C4F8A4
:10B0500001460198494240F27012C2F20042029247
:10B060001180408801F0B8F8029A014601984942DF
:10B070005180C08801F0B0F8029A4042D080B2F905
:10B08000020000EE100AB8EEC00A40F20801C2F257
:10B09000004191ED001A20EE010A45F2F800C2F2DB
:10B0A000004080ED010AB2F9002000EE102AB8EE4F
:10B0B000C00A91ED001A20EE010A80ED000A00207E
:10B0C0008DF80F00FFE79DF80F00032812DCFFE763
:10B0D00005989DF80F201044407A40F26011C2F2AA
:10B0E000004111440872FFE79DF80F0001308DF810
:10B0F0000F00E8E7FFE7FFE706B080BD00000000B3
:10B10000FFE7FEE70000000080B586B00020029057
:10B11000EFF305800590059818B1FFE70120029034
:10B1200017E007F0F9F801900198012810D0FFE727
:10B13000EFF310800390039830B9FFE7EFF311802D
:10B140000490049818B1FFE701200290FFE7FFE7A1
:10B15000FFE7029806B080BD82B001900020ADF8F4
:10B160000200019800781A284BD1FFE701988079F6
:10B17000A12846D1FFE701208DF80100FFE79DF8E7
:10B180000100042810DCFFE701989DF80110415CE4
:10B19000BDF802000844ADF80200FFE79DF8010089
:10B1A00001308DF80100EAE79DF802000199497924
:10B1B000884225D1FFE700208DF80000FFE79DF8C9
:10B1C0000000032811DCFFE701989DF800201044DF
:10B1D000407840F25071C2F200418854FFE79DF878
:10B1E000000001308DF80000E9E740F25070C2F233
:10B1F0000040006840F27801C2F200410860FFE7B9
:10B20000FFE702B07047000080B586B000200190D3
:10B210000590049003900290FBF7DEF9019801215C
:10B220008DF808108DF8090003901F228DF810206A
:10B2300087228DF811208DF812008DF813008DF8FB
:10B2400014108DF815108DF816008DF8170002A84F
:10B25000FBF782F90420FBF7D3F906B080BD0000AC
:10B2600080B58AB0FFE744F2D840C5F60200016815
:10B2700041F001010160006800F0010009900998A7
:10B28000FFE70B2001900521069100220792FBF7B2
:10B29000F7F90198FBF7E8F90699079A0C20029054
:10B2A000FBF7EEF90298FBF7DFF90699079A0D20F4
:10B2B0000390FBF7E5F90398FBF7D6F90699079A8F
:10B2C0000E200490FBF7DCF90498FBF7CDF9069902
:10B2D000079A0F200590FBF7D3F90598FBF7C4F9FF
:10B2E0000699079A10200890FBF7CAF90898FBF70F
:10B2F000BBF90AB080BD000080B582B040F2A44026
:10B30000C2F2004000904AF20001C4F20001016064
:10B31000002201928260C260012101744274827431
:10B320000521416181610E23C36101624162816235
:10B33000C3620163426382630823C3632021016403
:10B34000042141648264C164026541658265C2650D
:10B35000036642668166FAF71BFB18B1FFE7F6F752
:10B3600043FAFFE702B080BD80B584B043F62C52AB
:10B37000C0F60102012002900021039103F038FE83
:10B3800003990246029840F2A803C2F200431A60F1
:10B3900043F63C52C0F6010203F02AFE0146029831
:10B3A00040F2AC02C2F20042116043F6AC52C0F669
:10B3B00001021321019103F0E7FC0146029840F2DB
:10B3C0005C12C2F20042116043F6C452C0F60102A0
:10B3D000072103F0D9FC01990246029840F24C7310
:10B3E000C2F200431A6043F69452C0F6010203F021
:10B3F000CBFC039940F23812C2F2004210604CF2CA
:10B40000D920C0F6000043F64C52C0F6010203F00A
:10B41000CFFE039940F2B002C2F2004210604CF23B
:10B42000E930C0F6000043F67052C0F6010203F0A6
:10B43000BFFE40F2B401C2F20041086004B080BD1A
:10B4400080B58AB00020099008900790069005907A
:10B45000FFE744F2E040C5F60200016841F08001D8
:10B460000160006800F0800004900498FFE7FFE7A7
:10B4700044F2E040C5F60200016841F001010160BC
:10B48000006800F0010003900398FFE7FFE744F233
:10B49000E040C5F60200016841F002010160006869
:10B4A00000F0020002900298FFE7FFE744F2E0405C
:10B4B000C5F60200016841F008010160006800F073
:10B4C000080001900198FFE70F20059000200690EA
:10B4D000022007900020C5F6020005A9FAF77CFDBE
:10B4E0000AB080BD0000000080B582B040F2B860B4
:10B4F000C2F20040009047F60001C4F20001016072
:10B500004FF4E1314160002101918160C16001612E
:10B510000C2242618161C161016241628162FFF777
:10B52000D7FA18B1FFE7F6F75FF9FFE740F2B86026
:10B53000C2F200400021FEF7D7FB18B1FFE7F6F793
:10B5400053F9FFE740F2B860C2F200400021FEF775
:10B5500083FB18B1FFE7F6F747F9FFE740F2B86061
:10B56000C2F20040FDF77CFF18B1FFE7F6F73CF9A7
:10B57000FFE702B080BD000080B582B040F290507D
:10B58000C2F20040009041F20001C4F201010160EA
:10B590004FF4E1314160002101918160C16001619E
:10B5A0000C2242618161C161016241628162FFF7E7
:10B5B0008FFA18B1FFE7F6F717F9FFE740F290505E
:10B5C000C2F200400021FEF78FFB18B1FFE7F6F74B
:10B5D0000BF9FFE740F29050C2F200400021FEF765
:10B5E0003BFB18B1FFE7F6F7FFF8FFE740F290509A
:10B5F000C2F20040FDF734FF18B1FFE7F6F7F4F8A8
:10B60000FFE702B080BD000080B582B040F2246048
:10B61000C2F20040009044F20041C4F20001016017
:10B620004FF4E1314160002101918160C16001610D
:10B630000C2242618161C161016241628162FFF756
:10B6400047FA18B1FFE7F6F7CFF8FFE740F22460BA
:10B65000C2F200400021FEF747FB18B1FFE7F6F702
:10B66000C3F8FFE740F22460C2F200400021FEF779
:10B67000F3FA18B1FFE7F6F7B7F8FFE740F22460F6
:10B68000C2F20040FDF7ECFE18B1FFE7F6F7ACF8A8
:10B69000FFE702B080BD0000FFE7FEE7000000000A
:10B6A00080B586B045F21800C2F20040029040F228
:10B6B000A441C2F200410491352202F03DFD0298FE
:10B6C00004993830362202F037FD02980499703020
:10B6D000332202F031FD02980499A830342202F09E
:10B6E0002BFD049940F2C800C2F2004003900122F1
:10B6F000F5F79AF8039804991C300222F5F794F8AC
:10B700000398049938300322F5F78EF803980499CA
:10B7100054300422F5F788F840F25870C2F2004025
:10B720009FEDE60ADFEDE60A9FEDE61ADFEDE61A89
:10B73000B0EE002ADFEDE52A03F0E6FDF6F774F837
:10B7400040F29050C2F20040059040F61051C2F213
:10B7500000411322FDF7C4FE0598D0F88000006870
:10B760001021C4F20201884200F0D180FFE740F2CC
:10B770009050C2F20040D0F8800000682821C4F246
:10B780000201884200F0C380FFE740F29050C2F20D
:10B790000040D0F8800000684021C4F202018842D5
:10B7A00000F0B580FFE740F29050C2F20040D0F8C0
:10B7B000800000685821C4F20201884200F0A7808E
:10B7C000FFE740F29050C2F20040D0F880000068DD
:10B7D0007021C4F20201884200F09980FFE740F234
:10B7E0009050C2F20040D0F8800000688821C4F276
:10B7F0000201884200F08B80FFE740F29050C2F2D5
:10B800000040D0F880000068A021C4F20201884204
:10B810007DD0FFE740F29050C2F20040D0F88000A7
:10B820000068B821C4F20201884270D0FFE740F2FC
:10B830009050C2F20040D0F88000006840F2104101
:10B84000C4F20201884262D0FFE740F29050C2F297
:10B850000040D0F88000006840F22841C4F20201A4
:10B86000884254D0FFE740F29050C2F20040D0F836
:10B870008000006840F24041C4F20201884246D094
:10B88000FFE740F29050C2F20040D0F8800000681C
:10B8900040F25841C4F20201884238D0FFE740F23A
:10B8A0009050C2F20040D0F88000006840F2704131
:10B8B000C4F2020188422AD0FFE740F29050C2F25F
:10B8C0000040D0F88000006840F28841C4F20201D4
:10B8D00088421CD0FFE740F29050C2F20040D0F8FE
:10B8E0008000006840F2A041C4F2020188420ED0FC
:10B8F000FFE740F29050C2F20040D0F880000068AC
:10B9000040F2B841C4F2020188420CD1FFE740F294
:10B910009050C2F20040D0F880000168086820F022
:10B92000080008600BE040F29050C2F20040D0F8EE
:10B9300080000168086820F004000860FFE740F21A
:10B940002460C2F20040019040F6FD41C2F2004185
:10B950001322FDF7C5FD0198D0F880000068102182
:10B96000C4F20201884200F0DD80FFE740F224606B
:10B97000C2F20040D0F8800000682821C4F2020121
:10B98000884200F0CF80FFE740F22460C2F200401E
:10B99000D0F8800000684021C4F20201884200F023
:10B9A000C180FFE740F22460C2F20040D0F880007E
:10B9B00000685821C4F20201884200F0B380FFE71A
:10B9C00040F22460C2F20040D0F88000006870218C
:10B9D000C4F20201884200F0A580FFE740F2246033
:10B9E000C2F20040D0F8800000688821C4F2020151
:10B9F000884200F09780FFE740F22460C2F20040E6
:10BA0000D0F880000068A021C4F20201884200F052
:10BA10008980FFE740F22460C2F20040D0F8800045
:10BA20000068B821C4F2020188427BD0FFE740F2EF
:10BA30002460C2F20040D0F88000006840F210415B
:10BA4000C4F2020188426DD0FFE740F22460C2F2E6
:10BA50000040D0F88000006840F22841C4F20201A2
:10BA600088425FD0FFE740F22460C2F20040D0F885
:10BA70008000006840F24041C4F20201884251D087
:10BA8000FFE740F22460C2F20040D0F88000006876
:10BA900040F25841C4F20201884243D0FFE740F22D
:10BAA0002460C2F20040D0F88000006840F270418B
:10BAB000C4F20201884235D00AE000BF00000C4207
:10BAC000A69BC43BCDCCCC3D0000C842CDCC4C3D68
:10BAD00040F22460C2F20040D0F88000006840F2DA
:10BAE0008841C4F2020188421CD0FFE740F2246082
:10BAF000C2F20040D0F88000006840F2A041C4F2D9
:10BB0000020188420ED0FFE740F22460C2F20040FA
:10BB1000D0F88000006840F2B841C4F202018842C7
:10BB20000CD1FFE740F22460C2F20040D0F8800060
:10BB30000168086820F0080008600BE040F224600B
:10BB4000C2F20040D0F880000168086820F00400CC
:10BB50000860FFE740F2B860C2F20040009040F693
:10BB60002351C2F200410722FDF7BAFC0098D0F839
:10BB7000800000681021C4F20201884200F0D180E8
:10BB8000FFE740F2B860C2F20040D0F880000068E1
:10BB90002821C4F20201884200F0C380FFE740F28E
:10BBA000B860C2F20040D0F8800000684021C4F2C2
:10BBB0000201884200F0B580FFE740F2B860C2F2AF
:10BBC0000040D0F8800000685821C4F20201884289
:10BBD00000F0A780FFE740F2B860C2F20040D0F862
:10BBE000800000687021C4F20201884200F0998050
:10BBF000FFE740F2B860C2F20040D0F88000006871
:10BC00008821C4F20201884200F08B80FFE740F2F5
:10BC1000B860C2F20040D0F880000068A021C4F2F1
:10BC2000020188427DD0FFE740F2B860C2F20040D6
:10BC3000D0F880000068B821C4F20201884270D0B8
:10BC4000FFE740F2B860C2F20040D0F88000006820
:10BC500040F21041C4F20201884262D0FFE740F294
:10BC6000B860C2F20040D0F88000006840F228417D
:10BC7000C4F20201884254D0FFE740F2B860C2F239
:10BC80000040D0F88000006840F24041C4F2020158
:10BC9000884246D0FFE740F2B860C2F20040D0F8D8
:10BCA0008000006840F25841C4F20201884238D056
:10BCB000FFE740F2B860C2F20040D0F880000068B0
:10BCC00040F27041C4F2020188422AD0FFE740F2FC
:10BCD000B860C2F20040D0F88000006840F28841AD
:10BCE000C4F2020188421CD0FFE740F2B860C2F201
:10BCF0000040D0F88000006840F2A041C4F2020188
:10BD000088420ED0FFE740F2B860C2F20040D0F89F
:10BD10008000006840F2B841C4F2020188420CD1B0
:10BD2000FFE740F2B860C2F20040D0F8800001683E
:10BD3000086820F0080008600BE040F2B860C2F22A
:10BD40000040D0F880000168086820F00400086016
:10BD5000FFE706B080BD0000FFE7FEE7000000003F
:10BD600088B0079006910592079800F007000490AC
:10BD70000498C0F10700052803D3FFE704200190D1
:10BD800004E00498C0F107000190FFE701980390D8
:10BD900004980430062803D8FFE70020009003E051
:10BDA000049803380090FFE70098029006980399E2
:10BDB000012202FA01F101390840029B98400599DD
:10BDC0009A40013A1140084308B070470000000053
:10BDD000EFF30980BFF36F8F154B1A681EF0100F39
:10BDE00008BF20ED108A20E9F04F10602DE909000E
:10BDF0004FF0500080F31188BFF34F8FBFF36F8F68
:10BE000005F066F84FF0000080F31188BDE80900E6
:10BE100019680868B0E8F04F1EF0100F08BFB0ECCA
:10BE2000108A80F30988BFF36F8F704700BF00BF8F
:10BE3000840800240000000080B586B004900391BF
:10BE400000208DF8070044F22840C5F60200006883
:10BE500000F00300032804D1FFE701208DF817004C
:10BE6000CBE044F20041C5F60201086820F0806092
:10BE70000860FAF7A9FA0290FFE744F20040C5F61D
:10BE80000200006800F000610020B0EBD16F0CD020
:10BE9000FFE7FAF799FA0299401A032804D3FFE75B
:10BEA00003208DF81700A8E0E7E7FFE744F22841F8
:10BEB000C5F60201086820F47C30049A126840EA52
:10BEC0000230086004994868D1F808C0CB680A6954
:10BED00001386FF35F204FF60061CFF6FF7101EB81
:10BEE0004C2189B208440021CFF6FF7101EB0341D8
:10BEF00001F4FE0108444FF07F4101EB026101F0C3
:10BF0000FE41084444F23841C5F602010860FFE7EB
:10BF100044F22C41C5F602010091086820F0C000EF
:10BF2000049A526910430860086820F02000049ABF
:10BF3000926910430860086820F01000086044F21D
:10BF40003C42C5F6020210684FF6F8739843049B12
:10BF5000DB6940EAC3001060086840F01000086028
:10BF6000039848B9FFE744F22C41C5F6020108687E
:10BF700040F40020086016E00398012809D1FFE78B
:10BF800044F22C41C5F60201086840F480100860B4
:10BF900008E044F22C41C5F60201086840F40010A4
:10BFA0000860FFE7FFE744F20041C5F602010868B8
:10BFB00040F080600860FAF707FA0290FFE744F269
:10BFC0000040C5F60200006800F000610020B0EB00
:10BFD000D16F0CD1FFE7FAF7F7F90299401A03285D
:10BFE00004D3FFE703208DF8170006E0E7E7FFE73B
:10BFF0009DF807008DF81700FFE79DF8170006B0C1
:10C0000080BD00000000000080B586B00490039160
:10C0100000208DF8070044F22840C5F602000068B1
:10C0200000F00300032804D1FFE701208DF817007A
:10C03000CBE044F20041C5F60201086820F08050D0
:10C040000860FAF7C1F90290FFE744F20040C5F634
:10C050000200006800F000510020B0EB517F0CD0CE
:10C06000FFE7FAF7B1F90299401A032804D3FFE772
:10C0700003208DF81700A8E0E7E7FFE744F2284126
:10C08000C5F60201086820F07C70049A126840EA44
:10C090000250086004994868D1F808C0CB680A6962
:10C0A00001386FF35F204FF60061CFF6FF7101EBAF
:10C0B0004C2189B208440021CFF6FF7101EB034106
:10C0C00001F4FE0108444FF07F4101EB026101F0F1
:10C0D000FE41084444F24041C5F602010860FFE712
:10C0E00044F22C41C5F602010091086820F440603A
:10C0F000049A526910430860086820F40070049A9A
:10C10000926910430860086820F48070086044F267
:10C110004442C5F6020210684FF6F8739843049B38
:10C12000DB6940EAC3001060086840F48070086072
:10C13000039848B9FFE744F22C41C5F602010868AC
:10C1400040F48000086016E00398012809D1FFE759
:10C1500044F22C41C5F60201086840F40000086072
:10C1600008E044F22C41C5F60201086840F08070F6
:10C170000860FFE7FFE744F20041C5F602010868E6
:10C1800040F080500860FAF71FF90290FFE744F290
:10C190000040C5F60200006800F000510020B0EB3E
:10C1A000517F0CD1FFE7FAF70FF90299401A0328E3
:10C1B00004D3FFE703208DF8170006E0E7E7FFE769
:10C1C0009DF807008DF81700FFE79DF8170006B0EF
:10C1D00080BD00000000000081B0ADF8020000202A
:10C1E000ADF80000BDF8020040F69301884222DB62
:10C1F000FFE7BDF80200A0F6930000EE100AB8EECB
:10C20000C00A9FED241A20EE010A9FED231A80EE4A
:10C21000010ABDEEC00A10EE100AADF80000BDF92B
:10C220000000B0F57A7F05DDFFE74FF47A70ADF8D6
:10C230000000FFE729E0BDF8020040F26B71884280
:10C2400022DCFFE7BDF80200A0F26C7000EE100ADD
:10C25000B8EEC00A9FED0F1A20EE010A9FED0E1AEC
:10C2600080EE010ABDEEC00A10EE100AADF8000023
:10C27000BDF9000010F57A7F05DAFFE74FF61840A8
:10C28000ADF80000FFE7FFE7FFE7BDF9000001B0F0
:10C29000704700BF00007A440080ED4400000000B9
:10C2A000074B19680868B0E8F04F80F30988BFF3BE
:10C2B0006F8F4FF0000080F31188704700BF00BF00
:10C2C000840800240000000080B56FF00400002105
:10C2D00001F0C6FF80BD000080B582B00190FFF77D
:10C2E000DFF9F4F769FB052002F07AFC02F0E8FBC5
:10C2F000FFE740F27800C2F20040026840F2980185
:10C30000C2F200410A600068486040F25C10C2F26C
:10C310000040006840F61051C2F2004100231A4666
:10C3200002F0D2FC38B9FFE740F61050C2F20040EC
:10C33000FEF73AFEFFE740F24C70C2F200400068A0
:10C3400040F62351C2F2004100231A4602F0BCFC21
:10C3500038B9FFE740F62350C2F20040FEF7FCFE7A
:10C36000FFE740F23810C2F20040006840F6FD419D
:10C37000C2F2004100231A4602F0A6FC38B9FFE7DA
:10C3800040F6FD40C2F20040F5F7BEF9FFE740F28B
:10C390007800C2F2004090ED000A45F2F800C2F2C7
:10C3A000004040F28001C2F20041009101F0DCFE49
:10C3B000009840F29801C2F2004102F081F8009822
:10C3C00040F25041C2F2004102F0AAF840F2A80047
:10C3D000C2F20040006802F0A7FE012002F000FC5B
:10C3E00087E700000000000080B58EB00D900020AF
:10C3F0008DF8330040F2AC00C2F2004000684FF00C
:10C40000FF3102F0A1FD10B1FFE70EB080BDFFE7E4
:10C4100040F2A800C2F2004000684FF0FF3102F085
:10C4200093FD08B1FFE7F3E700208DF80F00FFE769
:10C430009DF80F0003281BDCFFE79DF80F3040F24A
:10C440005040C2F2004000EB8301096C08AA42F898
:10C4500023109DF80F2000EB8200006904A941F829
:10C460002200FFE79DF80F0001308DF80F00DFE795
:10C4700000208DF80E00FFE79DF80E00032818DC61
:10C48000FFE79DF80E20C2EBC20140F2C800C2F2E5
:10C49000004000EB810008A901EB820191ED000A48
:10C4A000F4F7DAF9FFE79DF80E0001308DF80E0081
:10C4B000E2E700208DF80D008DF80C00FFE79DF8F5
:10C4C0000C0003281CDCFFE79DF80C1004A800EB0F
:10C4D000810090ED000AB0EEC00A9FED471AB4EE5D
:10C4E000410AF1EE10FA04DDFFE701208DF80D009E
:10C4F00006E0FFE79DF80C0001308DF80C00DEE748
:10C500009DF80D00C00720B9FFE700208DF833002B
:10C510003AE09DF83300C007A8BBFFE701208DF883
:10C52000330000208DF80B00FFE79DF80B00032877
:10C5300028DCFFE79DF80B0008A901EB800191EDD5
:10C54000000AC0EBC00140F2C800C2F2004000EB9C
:10C550008100D0ED050A03F0ABFFB0EEC00AB2EEE9
:10C56000041AB4EE410AF1EE10FA04DDFFE70020F0
:10C570008DF8330006E0FFE79DF80B0001308DF8E1
:10C580000B00D2E7FFE7FFE700208DF80A00FFE786
:10C590009DF80A0003282BDCFFE79DF80A00C0EB9A
:10C5A000C00145F21800C2F2004000EBC10001904A
:10C5B0009DF83300C00750B1FFE79DF80A1004A8AA
:10C5C00000EB810090ED000A8DED000A04E09FED84
:10C5D0000B0A8DED000AFFE701989DED000A04F0BB
:10C5E0003FFDFFE79DF80A0001308DF80A00CFE714
:10C5F000012002F0F5FA0BE70AD7233C0000000007
:10C6000080B54EF21000CEF20000006805F084FE06
:10C61000012803D0FFE704F06BFEFFE780BD0000B8
:10C6200080B59EB00BA84C21F3F7DDFF00200190F0
:10C630000A90099008900790069005900490039046
:10C640000220FAF73DF8FFE70020029044F61800B8
:10C65000C5F60200016821F440410160006800F461
:10C66000404002900298FFE7FFE744F61800C5F645
:10C670000200006800F40050B0F5005F01D0FFE751
:10C68000F3E701210B914FF480300C9002201490BD
:10C69000159016902C2217921891042119911A9036
:10C6A0000C201B9000201C901D900BA8FBF784FF12
:10C6B00018B1FFE7F5F798F8FFE73F200390032153
:10C6C00004910020059008200690402007900890D3
:10C6D0004FF4806209920A9003A8FBF701FB18B19E
:10C6E000FFE7F5F781F8FFE71EB080BD000000000E
:10C6F0004EF68851CEF20001086840F470000860E0
:10C7000042F20000C5F20020006800F00F00062889
:10C710000AD8FFE742F20001C5F2002108680722AB
:10C7200062F303000860FFE744F20041C5F602012E
:10C73000086840F00100086044F21042C5F60202A9
:10C740000020106008684EF67F52CEF6F6221040A8
:10C75000086042F20000C5F20020006800F00F00FF
:10C7600008280AD3FFE742F20001C5F20021086859
:10C77000072262F303000860FFE744F21841C5F6A0
:10C7800002010020086044F21C41C5F60201086065
:10C7900044F22041C5F60201086044F22842C5F681
:10C7A000020240F20021C0F20221116044F22C4248
:10C7B000C5F602020021C0F2FF11116044F23042BE
:10C7C000C5F6020240F28021C0F20111116044F26C
:10C7D0003442C5F60202106044F23842C5F6020245
:10C7E000116044F23C42C5F60202106044F240423D
:10C7F000C5F60202116044F24441C5F60201086028
:10C8000044F20042C5F60202116821F48021116051
:10C8100044F26041C5F60201086044F2D440C5F616
:10C8200002000068C004002814D4FFE744F2D44199
:10C83000C5F60201086840F48050086044F2000226
:10C84000C5F2002243F2D2001060086820F4805044
:10C850000860FFE77047000080B540F24450C2F224
:10C860000040FCF7B5FC80BD83B0029001910298B6
:10C870000068009002980021C4F20101884225D08E
:10C88000FFE70298B0F1804F20D0FFE7029840F216
:10C890000041C4F20001884218D0FFE7029840F638
:10C8A0000001C4F20001884210D0FFE7029840F670
:10C8B0000041C4F20001884208D0FFE7029840F22C
:10C8C0000041C4F2010188420AD1FFE7009820F03C
:10C8D0007000009001984168009808430090FFE7BD
:10C8E00002980021C4F2010188424DD0FFE702986E
:10C8F000B0F1804F48D0FFE7029840F20041C4F207
:10C900000001884240D0FFE7029840F60001C4F2DF
:10C910000001884238D0FFE7029840F60041C4F297
:10C920000001884230D0FFE7029840F20041C4F293
:10C930000101884228D0FFE7029844F20001C4F2C6
:10C940000101884220D0FFE7029844F20041C4F27E
:10C950000101884218D0FFE7029844F60001C4F2B2
:10C960000101884210D0FFE702984EF20001C4F2A4
:10C970000001884208D0FFE702984EF20041C4F25D
:10C98000000188420AD1FFE7009820F4407000902F
:10C990000198C168009808430090FFE7009820F0D4
:10C9A00080000199496908430090019880680299C4
:10C9B000C862019800680299886202980021C4F256
:10C9C0000101884220D0FFE7029840F20041C4F202
:10C9D0000101884218D0FFE7029844F20001C4F236
:10C9E0000101884210D0FFE7029844F20041C4F2EE
:10C9F0000101884208D0FFE7029844F60001C4F222
:10CA00000101884205D1FFE7019800690299086396
:10CA1000FFE70299086840F00400086002990120CD
:10CA2000486100980299086003B070470000000058
:10CA300080B540F2B860C2F20040FDF7C9FC80BD8D
:10CA400082B001900198406E40B9FFE70199012042
:10CA5000A1F86A000199A1F8680032E010208DF871
:10CA600003008DF80200019800688068C0F34260FE
:10CA70008DF80100019800688068400F8DF8000073
:10CA80009DF802009DF8002043F60C53C0F6010308
:10CA9000995C484343F60451C0F601018A5CB0FB3F
:10CAA000F2F0019AA2F86A009DF803009DF80120B7
:10CAB0009B5C5843895CB0FBF1F00199A1F86800D8
:10CAC000FFE702B07047000081B00090009890F836
:10CAD0002800000700280BD5FFE700980068406891
:10CAE00020F40040009A1168926B10434860FFE701
:10CAF000009890F82800C00758B1FFE70098006838
:10CB0000406820F40030009A1168D26A10434860EF
:10CB1000FFE7009890F82800800700280BD5FFE772
:10CB200000980068406820F48030009A1168126B09
:10CB300010434860FFE7009890F82800400700285D
:10CB40000BD5FFE700980068406820F48020009A29
:10CB50001168526B10434860FFE7009890F8280076
:10CB6000C00600280BD5FFE700980068806820F415
:10CB70008050009A1168D26B10438860FFE70098DC
:10CB800090F82800800600280BD5FFE70098006881
:10CB9000806820F40050009A1168126C104388607D
:10CBA000FFE7009890F82800400600281CD5FFE712
:10CBB00000980068406820F48010009A1168526C58
:10CBC000104348600098406CB0F5801F0BD1FFE720
:10CBD00000980068406820F4C000009A1168926CC8
:10CBE00010434860FFE7FFE7009890F82800000630
:10CBF00000280BD5FFE700980068406820F400206B
:10CC0000009A1168D26C10434860FFE701B070478A
:10CC100080B588B0069006990020C1F89000F9F719
:10CC2000D3FB0590069800680068000700282FD500
:10CC3000FFE70698059B6A466FF07E4111604FF44E
:10CC40000011002201F024F908B3FFE7FFE7FFE736
:10CC50000698006850E8000F20F080000490FFE77D
:10CC600004990698026842E800100028F0D1FFE716
:10CC7000FFE706992020C1F88800FFE70699002009
:10CC800081F88400FFE703208DF81F005FE0FFE7D5
:10CC90000698006800684007002842D5FFE706981C
:10CCA000059B6A466FF07E4111604FF480010022BF
:10CCB00001F0EEF8A0B3FFE7FFE7FFE70698006892
:10CCC00050E8000F20F490700390FFE70399069856
:10CCD000026842E800100028F0D1FFE7FFE7FFE715
:10CCE000FFE70698006850E8020F20F0010002906C
:10CCF000FFE702990698026842E802100028F0D186
:10CD0000FFE7FFE706992020C1F88C00FFE70699AE
:10CD1000002081F88400FFE703208DF81F0016E053
:10CD2000FFE706992020C1F888000699C1F88C0019
:10CD300006990020C86606990867FFE70699002053
:10CD400081F88400FFE700208DF81F00FFE79DF8C1
:10CD50001F0008B080BD000080B582B0019001982E
:10CD6000806B00900098FDF70FF802B080BD0000C6
:10CD700080B584B003900398806B02900298D0F83D
:10CD8000880001900298D0F88C000090029800680A
:10CD900080680006002808D5FFE70198212804D103
:10CDA000FFE7029800F084FAFFE7029800688068C5
:10CDB0004006002808D5FFE70098222804D1FFE7A5
:10CDC000029800F001FAFFE70299D1F8900040F0D4
:10CDD0001000C1F890000298FCF7D6FF04B080BDA7
:10CDE00080B588B007900798806B06900798C06957
:10CDF000B0F5807F5BD0FFE706990020A1F85E00C8
:10CE0000FFE7FFE70698006850E8000F20F4807005
:10CE10000590FFE705990698026842E8001000288F
:10CE2000F0D1FFE7FFE7FFE7FFE70698006850E86B
:10CE3000020F20F001000490FFE7049906980268B1
:10CE400042E802100028F0D1FFE7FFE7FFE7FFE725
:10CE50000698006850E8020F20F040000390FFE7BA
:10CE600003990698026842E802100028F0D1FFE713
:10CE7000FFE706992020C1F88C000698C06E0128B3
:10CE800014D1FFE7FFE7FFE70698006850E8000FBE
:10CE900020F010000290FFE702990698026842E82D
:10CEA00000100028F0D1FFE7FFE7FFE7FFE7069952
:10CEB000002008670698C06E012840F0B380FFE7A5
:10CEC00006990020A1F85E00079800681021C4F2BE
:10CED0000201884200F08180FFE70798006828215E
:10CEE000C4F20201884278D0FFE707980068402129
:10CEF000C4F20201884270D0FFE707980068582109
:10CF0000C4F20201884268D0FFE7079800687021E8
:10CF1000C4F20201884260D0FFE7079800688821C8
:10CF2000C4F20201884258D0FFE707980068A021A8
:10CF3000C4F20201884250D0FFE707980068B82188
:10CF4000C4F20201884248D0FFE70798006840F227
:10CF50001041C4F2020188423FD0FFE70798006801
:10CF600040F22841C4F20201884236D0FFE7079818
:10CF7000006840F24041C4F2020188422DD0FFE730
:10CF80000798006840F25841C4F20201884224D058
:10CF9000FFE70798006840F27041C4F2020188423E
:10CFA0001BD0FFE70798006840F28841C4F20201F5
:10CFB000884212D0FFE70798006840F2A041C4F20F
:10CFC0000201884209D0FFE70798006840F2B841A3
:10CFD000C4F20201884205D1FFE707980068406863
:10CFE000009004E00798006840680090FFE7009810
:10CFF000ADF80600BDF806000699B1F85C1088424D
:10D0000006DAFFE7BDF806000699A1F85E00FFE723
:10D010000698B0F85C10B0F85E20891A89B2FCF767
:10D02000B7FA03E00698FDF7B3FFFFE708B080BD4D
:10D0300080B584B003900398806B02900299012020
:10D0400008670298C06E012840F0B580FFE702999A
:10D05000B1F85C004008A1F85E0003980068102158
:10D06000C4F20201884200F08180FFE70398006863
:10D070002821C4F20201884278D0FFE703980068B3
:10D080004021C4F20201884270D0FFE70398006893
:10D090005821C4F20201884268D0FFE70398006873
:10D0A0007021C4F20201884260D0FFE70398006853
:10D0B0008821C4F20201884258D0FFE70398006833
:10D0C000A021C4F20201884250D0FFE70398006813
:10D0D000B821C4F20201884248D0FFE703980068F3
:10D0E00040F21041C4F2020188423FD0FFE70398AA
:10D0F000006840F22841C4F20201884236D0FFE7BE
:10D100000398006840F24041C4F2020188422DD0E9
:10D11000FFE70398006840F25841C4F202018842D8
:10D1200024D0FFE70398006840F27041C4F2020186
:10D1300088421BD0FFE70398006840F28841C4F2A0
:10D140000201884212D0FFE70398006840F2A04134
:10D15000C4F20201884209D0FFE70398006840F258
:10D16000B841C4F20201884205D1FFE70398006884
:10D170004068009004E00398006840680090FFE772
:10D180000098ADF80600BDF806000299B1F85C10F1
:10D19000884206DCFFE7BDF806000299A1F85E00B0
:10D1A000FFE70298B0F85C10B0F85E20891A89B2E7
:10D1B000FCF7EEF903E00298FDF7EEFEFFE704B09E
:10D1C00080BD00000000000084B00390FFE7FFE78F
:10D1D0000398006850E8000F20F490700290FFE779
:10D1E00002990398026842E800100028F0D1FFE796
:10D1F000FFE7FFE7FFE70398006850E8020F4FF6EC
:10D20000FE71CEF6FF7108400190FFE70199039887
:10D21000026842E802100028EDD1FFE7FFE703981B
:10D22000C06E012814D1FFE7FFE7FFE7039800680D
:10D2300050E8000F20F010000090FFE700990398DD
:10D24000026842E800100028F0D1FFE7FFE7FFE79F
:10D2500003992020C1F88C0003990020C866039927
:10D26000486704B07047000080B582B00190FFE7C6
:10D27000FFE70198006850E8000F20F040000090A0
:10D28000FFE700990198026842E800100028F0D1F9
:10D29000FFE7FFE701992020C1F8880001990020ED
:10D2A00088670198FDF77CFE02B080BD0000000099
:10D2B00083B00290FFE7FFE70298006850E8000F94
:10D2C00020F0C0000190FFE701990298026842E84F
:10D2D00000100028F0D1FFE7FFE7FFE7FFE7029823
:10D2E000006850E8020F20F400000090FFE700996A
:10D2F0000298026842E802100028F0D1FFE7FFE739
:10D3000002992020C1F8880003B070470000000097
:10D3100080B59EB01D9000208DF867001D980068B4
:10D3200040F60041C5F60001884201D1FFE700E068
:10D33000FFE71D9988680B694A69C969184310435A
:10D3400008431C901D980068006846F6F311CCF65F
:10D35000FF7108401C9908431D99096808601D98D1
:10D360000068406820F440501D9A1168D26810434C
:10D3700048601D9880691C901D98006840F6004127
:10D38000C5F60001884206D0FFE71D98016A1C9887
:10D3900008431C90FFE71D98006880684FF2FF412A
:10D3A000C1F2FF1108401C9908431D990968886063
:10D3B0001D980068C06A20F00F001D9A1168526A1B
:10D3C0001043C862FFE71D98006841F20001C4F2F3
:10D3D0000101884240F04180FFE744F25440C5F625
:10D3E0000200006800F038000146109128282FD86C
:10D3F0001099DFE801F0152D2D2D2D2D2D2D192D36
:10D400002D2D2D2D2D2D1D2D2D2D2D2D2D2D212D68
:10D410002D2D2D2D2D2D252D2D2D2D2D2D2D290075
:10D4200001208DF86D0017E004208DF86D0013E0E9
:10D4300008208DF86D000FE010208DF86D000BE0D6
:10D4400020208DF86D0007E040208DF86D0003E08E
:10D4500080208DF86D00FFE76CE21D98006844F2B3
:10D460000041C4F2000188422ED1FFE744F254404B
:10D47000C5F60200006800F0070001460F9105287C
:10D480001DD80F99DFE801F003070B0F13170020D9
:10D490008DF86D0017E004208DF86D0013E0082072
:10D4A0008DF86D000FE010208DF86D000BE020204E
:10D4B0008DF86D0007E040208DF86D0003E08020BE
:10D4C0008DF86D00FFE734E21D98006844F6000116
:10D4D000C4F2000188422ED1FFE744F25440C5F661
:10D4E0000200006800F0070001460E9105281DD8D3
:10D4F0000E99DFE801F003070B0F131700208DF8DA
:10D500006D0017E004208DF86D0013E008208DF801
:10D510006D000FE010208DF86D000BE020208DF8DD
:10D520006D0007E040208DF86D0003E080208DF84D
:10D530006D00FFE7FCE11D98006844F60041C4F26D
:10D54000000188422ED1FFE744F25440C5F60200A4
:10D55000006800F0070001460D9105281DD80D99BF
:10D56000DFE801F003070B0F131700208DF86D00A3
:10D5700017E004208DF86D0013E008208DF86D0091
:10D580000FE010208DF86D000BE020208DF86D006D
:10D5900007E040208DF86D0003E080208DF86D00DD
:10D5A000FFE7C4E11D98006845F20001C4F20001E4
:10D5B00088422ED1FFE744F25440C5F602000068CD
:10D5C00000F0070001460C9105281DD80C99DFE8F2
:10D5D00001F003070B0F131700208DF86D0017E003
:10D5E00004208DF86D0013E008208DF86D000FE029
:10D5F00010208DF86D000BE020208DF86D0007E005
:10D6000040208DF86D0003E080208DF86D00FFE76D
:10D610008CE11D98006841F20041C4F2010188428A
:10D6200040F04180FFE744F25440C5F60200006834
:10D6300000F0380001460B9128282FD80B99DFE81D
:10D6400001F0152D2D2D2D2D2D2D192D2D2D2D2D9F
:10D650002D2D1D2D2D2D2D2D2D2D212D2D2D2D2D16
:10D660002D2D252D2D2D2D2D2D2D290001208DF831
:10D670006D0017E004208DF86D0013E008208DF890
:10D680006D000FE010208DF86D000BE020208DF86C
:10D690006D0007E040208DF86D0003E080208DF8DC
:10D6A0006D00FFE741E11D98006847F60001C4F2F4
:10D6B000000188422ED1FFE744F25440C5F6020033
:10D6C000006800F0070001460A9105281DD80A9954
:10D6D000DFE801F003070B0F131700208DF86D0032
:10D6E00017E004208DF86D0013E008208DF86D0020
:10D6F0000FE010208DF86D000BE020208DF86D00FC
:10D7000007E040208DF86D0003E080208DF86D006B
:10D71000FFE709E11D98006847F60041C4F20001E7
:10D7200088422ED1FFE744F25440C5F6020000685B
:10D7300000F007000146099105281DD80999DFE886
:10D7400001F003070B0F131700208DF86D0017E091
:10D7500004208DF86D0013E008208DF86D000FE0B7
:10D7600010208DF86D000BE020208DF86D0007E093
:10D7700040208DF86D0003E080208DF86D00FFE7FC
:10D78000D1E01D98006841F60001C4F20101884211
:10D7900040F04180FFE744F25440C5F602000068C3
:10D7A00000F038000146089128282FD80899DFE8B2
:10D7B00001F0152D2D2D2D2D2D2D192D2D2D2D2D2E
:10D7C0002D2D1D2D2D2D2D2D2D2D212D2D2D2D2DA5
:10D7D0002D2D252D2D2D2D2D2D2D290001208DF8C0
:10D7E0006D0017E004208DF86D0013E008208DF81F
:10D7F0006D000FE010208DF86D000BE020208DF8FB
:10D800006D0007E040208DF86D0003E080208DF86A
:10D810006D00FFE786E01D98006841F60041C4F204
:10D820000101884240F04180FFE744F25440C5F6D0
:10D830000200006800F038000146079128282FD820
:10D840000799DFE801F0152D2D2D2D2D2D2D192DEA
:10D850002D2D2D2D2D2D1D2D2D2D2D2D2D2D212D14
:10D860002D2D2D2D2D2D252D2D2D2D2D2D2D290021
:10D8700001208DF86D0017E004208DF86D0013E095
:10D8800008208DF86D000FE010208DF86D000BE082
:10D8900020208DF86D0007E040208DF86D0003E03A
:10D8A00080208DF86D00FFE73BE01D98006840F692
:10D8B0000041C5F6000188422ED1FFE744F25840EE
:10D8C000C5F60200006800F0070001460691052831
:10D8D0001DD80699DFE801F003070B0F131702208C
:10D8E0008DF86D0017E004208DF86D0013E008201E
:10D8F0008DF86D000FE010208DF86D000BE02020FA
:10D900008DF86D0007E040208DF86D0003E0802069
:10D910008DF86D00FFE703E080208DF86D00FFE7D4
:10D92000FFE7FFE7FFE7FFE7FFE7FFE7FFE7FFE7C7
:10D93000FFE7FFE7FFE71D98006840F60041C5F6E6
:10D940000001884240F0B480FFE79DF86D00014679
:10D950000591022814D0FFE70598042814D0FFE7AA
:10D960000598082816D0FFE70598102818D0FFE77B
:10D970000598202835D0FFE70598402837D03AE0B1
:10D98000F8F7F2FE11903CE015A8F8F701FF1698A1
:10D99000119036E012A8F9F753F81398119030E07F
:10D9A00044F20040C5F60200006800F020010020AB
:10D9B000B0EB511F0ED0FFE744F20040C5F6020065
:10D9C0000068C0F3C10149F20000C0F2D030C84085
:10D9D000119005E049F20000C0F2D0301190FFE74D
:10D9E0000FE040F60010C0F23D00119009E04FF446
:10D9F0000040119005E00020119001208DF8670093
:10DA0000FFE71198002852D0FFE711981D994A6A44
:10DA100043F61451C0F6010131F81210B0FBF1F0D9
:10DA2000189018981D99496801EB4101884207D365
:10DA3000FFE718981D994968B0EB013F04D9FFE74B
:10DA400001208DF8670031E011981D994A68039212
:10DA50004A6A43F61451C0F6010131F8122000233E
:10DA600004931946F2F7A6FC039A049B090241EAC3
:10DA70001061000210EB520041F10001F2F79AFC34
:10DA80001A901A98B0F5407F0BD3FFE71A9900203F
:10DA9000B0EB115F05D1FFE71A981D990968C860BE
:10DAA00003E001208DF86700FFE7FFE7FFE746E1AD
:10DAB0001D98C069B0F5004F40F0A880FFE79DF8C1
:10DAC0006D0001460291402800F263800299DFE870
:10DAD00001F021256060296060602F6060606060F7
:10DAE0006060356060606060606060606060606061
:10DAF0006060566060606060606060606060606030
:10DB00006060606060606060606060606060606015
:10DB100060605C00FAF7A0FB119040E0FAF7B0FB00
:10DB200011903CE015A8F8F733FE1698119036E0F6
:10DB300012A8F8F785FF1398119030E044F20040E6
:10DB4000C5F60200006800F020010020B0EB511F74
:10DB50000ED0FFE744F20040C5F602000068C0F3B3
:10DB6000C10149F20000C0F2D030C840119005E078
:10DB700049F20000C0F2D0301190FFE70FE040F60C
:10DB80000010C0F23D00119009E04FF400401190E8
:10DB900005E00020119001208DF86700FFE7119843
:10DBA00098B3FFE711981D9A5168536A43F61452CF
:10DBB000C0F6010232F81320B0FBF2F0400000EB97
:10DBC0005100B0FBF1F01A901A98102818D3FFE713
:10DBD000BDF86A00A0B9FFE71A9820F00F00ADF871
:10DBE0006E001A9800F00E01BDF86E0040EA510078
:10DBF000ADF86E00BDF86E001D990968C86003E0BD
:10DC000001208DF86700FFE7FFE797E09DF86D00C2
:10DC100001460191402800F263800199DFE801F09C
:10DC200021256060296060602F60606060606060D6
:10DC3000356060606060606060606060606060600F
:10DC400056606060606060606060606060606060DE
:10DC500060606060606060606060606060606060C4
:10DC60005C00FAF7F9FA119040E0FAF709FB11901D
:10DC70003CE015A8F8F78CFD1698119036E012A834
:10DC8000F8F7DEFE1398119030E044F20040C5F63C
:10DC90000200006800F020010020B0EB511F0ED000
:10DCA000FFE744F20040C5F602000068C0F3C1017E
:10DCB00049F20000C0F2D030C840119005E049F2AE
:10DCC0000000C0F2D0301190FFE70FE040F60010E6
:10DCD000C0F23D00119009E04FF40040119005E0C2
:10DCE0000020119001208DF86700FFE7119820B304
:10DCF000FFE711981D9A5168536A43F61452C0F613
:10DD0000010232F81320B0FBF2F000EB5100B0FB3F
:10DD1000F1F01A901A9810280AD3FFE7BDF86A00AC
:10DD200030B9FFE7BDF868001D990968C86003E0D5
:10DD300001208DF86700FFE7FFE7FFE7FFE71D9988
:10DD40000120A1F86A001D99A1F868001D99002022
:10DD500048671D9988679DF867001EB080BD000068
:10DD600080B588B006900591ADF812200598069907
:10DD70008865BDF812000699A1F85C00069900209C
:10DD8000C1F8900006992220C1F88C000698D0F8BE
:10DD90008000B0B3FFE70698D0F880104CF6E15051
:10DDA000C0F60000C8630698D0F880104DF231002C
:10DDB000C0F6000008640698D0F880104CF6715048
:10DDC000C0F60000C8640698D0F8801000200865EE
:10DDD00006980168826DD0F880002431BDF81230B9
:10DDE000F6F7A6FC60B1FFE706991020C1F8900095
:10DDF00006992020C1F88C0001208DF81F0042E018
:10DE0000FFE706980069A0B1FFE7FFE7FFE7069884
:10DE1000006850E8000F40F480700390FFE703991A
:10DE20000698026842E800100028F0D1FFE7FFE7FB
:10DE3000FFE7FFE7FFE70698006850E8020F40F0B1
:10DE400001000290FFE702990698026842E802107A
:10DE50000028F0D1FFE7FFE7FFE7FFE7069800683B
:10DE600050E8020F40F040000190FFE7019906984A
:10DE7000026842E802100028F0D1FFE7FFE7002027
:10DE80008DF81F00FFE79DF81F0008B080BD00005F
:10DE900080B586B0DDF820C0049003918DF80B208A
:10DEA0000193FFE704980068C06903990840401A8D
:10DEB000B0FA80F040099DF80B10884266D1FFE768
:10DEC00008980130002860D0FFE7F8F77DFA019943
:10DED000401A0899884203D8FFE7089820B9FFE75D
:10DEE00003208DF8170055E004980068006840078B
:10DEF000002849D5FFE70398802845D0FFE703981D
:10DF0000402841D0FFE704980068C06900F008018C
:10DF10000120B0EBD10F16D1FFE70498016808206B
:10DF2000009008620498FFF74FF900980499C1F82F
:10DF30009000FFE70499002081F88400FFE70120AA
:10DF40008DF8170026E004980068C06900F40061AD
:10DF50000120B0EBD12F16D1FFE7049801684FF4F0
:10DF6000006008620498FFF72FF904992020C1F897
:10DF70009000FFE70499002081F88400FFE7032068
:10DF80008DF8170006E0FFE7FFE78BE700208DF82C
:10DF90001700FFE79DF8170006B080BD00000000E5
:10DFA00080B540F29050C2F20040FCF711FA80BDFB
:10DFB00080B540F22460C2F20040FCF709FA80BD4F
:10DFC000FFE7FEE70000000084B003900291019299
:10DFD000029858B1FFE7039840B1FFE7019828B1D4
:10DFE000FFE70298C068082801D0FFE79CE002988C
:10DFF000007803990979884240F09680FFE70298FB
:10E00000407801460091092804D0FFE700981028C5
:10E010003CD088E00198006800BA039988600198B4
:10E020000179407940EA012003998881019881793A
:10E03000C07940EA01200399C8810398B0F90C1017
:10E0400000EE101AB8EEC00AB2EE041A80EE010A11
:10E0500080ED080A0398B0F90E1000EE101AB8EE21
:10E06000C00A9FED331A80EE010A80ED070A03987B
:10E0700090ED020AB8EEC00AB2EE0C1A80EE010A68
:10E0800080ED060A0399886948634CE0019801789D
:10E09000407840EA01200399088201988178C0788D
:10E0A00040EA01200399488201980179407940EAC9
:10E0B00001200399888201988179C07940EA012082
:10E0C0000399C8820398B0F9101000EE101AB8EE48
:10E0D000C00AB2EE041A80EE010A80ED0A0A039823
:10E0E000B0F9121000EE101AB8EEC00A80EE010A64
:10E0F00080ED0B0A0398B0F9141000EE101AB8EE78
:10E10000C00A80EE010A80ED090A0398B0F91610E2
:10E1100000EE101AB8EEC00A9FED041A80EE010A54
:10E1200080ED0C0AFFE7FFE704B0704700004842AB
:10E1300000007A440000000080B584B00390029192
:10E140008DF80720039808B9FFE70BE00398382102
:10E15000F2F749FA0298039908609DF807000399BD
:10E160000871FFE704B080BD80B586B005900491CA
:10E170008DED030A9DED030A04F03AFF8DED020ACE
:10E180009DED030A05F00EFB8DED010A05989DED4E
:10E19000022A90ED001A90ED010A9DED013A20EE61
:10E1A000030AA1EE020A049880ED000A05989DED8D
:10E1B000012A90ED001A90ED010A9DED023A20EE41
:10E1C000030AA1EE420A049880ED010A05988068CE
:10E1D0000499886006B080BD81B0ADF80200BDF939
:10E1E000020000280ED4FFE7BDF9021001F01F0263
:10E1F000012090404A094EF20011CEF2000141F890
:10E200002200FFE701B070474EF60C50CEF200003E
:10E210000068C0F30220704782B0ADF8060000919C
:10E22000BDF9060000280AD4FFE700980001BDF9F7
:10E2300006104EF20042CEF2000288540BE0009825
:10E240000001BDF8061001F00F014EF61452CEF297
:10E2500000028854FFE702B0704700000000000091
:10E2600082B0ADF806000091BDF9060000280AD47E
:10E27000FFE700980001BDF906104EF20042CEF211
:10E28000000288540BE000980001BDF8061001F070
:10E290000F014EF61452CEF200028854FFE702B08E
:10E2A000704700000000000083B00290029800F068
:10E2B000070000904EF60C51CEF200010868019064
:10E2C00001984FF6FF02104001900198009A40EA31
:10E2D00002200022C0F2FA52104301900198086017
:10E2E00003B070470000000083B0029001910092DB
:10E2F0009DF807000299DDF800C0DCF80020531CEF
:10E30000CCF800308854BDF806000299DDF800C052
:10E31000DCF80020531CCCF8003088540198000A27
:10E320000299DDF800C0DCF80020531CCCF8003066
:10E33000885401980299DDF800C0DCF80020531CD5
:10E34000CCF80030885403B0704700000000000093
:10E3500082B001908DED000A019870B3FFE79DED4A
:10E36000000AB5EE400AF1EE10FA26DDFFE701984B
:10E3700090ED000A9DED001AB4EE410AF1EE10FA9C
:10E3800004DDFFE700980199086015E0019890ED21
:10E39000000A9DED001AB1EE411AB4EE410AF1EE09
:10E3A00010FA08DAFFE79DED000AB1EE400A019885
:10E3B00080ED000AFFE7FFE7FFE702B070470000CB
:10E3C00080B584B002908DED010ACDED000A9DED7F
:10E3D000000A9DED011A30EE410A029880ED030A11
:10E3E000029890ED030A90ED041A30EE410A80ED98
:10E3F000060A029890ED030A90ED091AB0EEC00AE1
:10E40000B0EEC11AB4EE410AF1EE10FA0ADCFFE7F1
:10E410000299002008620299C86808610298006A9F
:10E42000039046E0029890ED031A90ED050A30EE55
:10E43000010A80ED050A029901F1140091ED070A25
:10E44000FFF786FF029890ED000A90ED031A20EE88
:10E45000010A80ED0B0A029890ED010A90ED051A71
:10E4600020EE010A80ED0C0A029890ED020A90ED70
:10E47000061A20EE010A80ED0D0A029890ED0B0AB3
:10E4800090ED0C2A90ED0D1A30EE020A30EE010AE2
:10E4900080ED080AFFE7029901F1200091ED0A0AD8
:10E4A000FFF756FF0299C86808610298006A039056
:10E4B000FFE79DED030A04B080BD000000000000EE
:10E4C00080B582B001900091009890ED000AD0EDE7
:10E4D000010A40F25870C2F20040FFF771FF009845
:10E4E00080ED020A009880680199886002B080BDC2
:10E4F00082B001908DF803109DF803100198007A06
:10E5000040EA011040F4407002B070470000000083
:10E51000704700000000000000207047000000006D
:10E5200080B59EB01D901C911D9890ED000AB5EE2F
:10E53000400AF1EE10FA5ED1FFE71D9890ED010A56
:10E54000B5EE400AF1EE10FA55D1FFE71D9890EDB7
:10E55000020AB0EEC00A9FEDF21AB4EE410AF1EEE3
:10E5600010FA48DAFFE700208DF86F00FFE79DF80A
:10E570006F0003280EDCFFE71C989DF86F1000EB7E
:10E58000810100200861FFE79DF86F0001308DF8E0
:10E590006F00ECE79FEDE30A8DED150ADFEDE20A6F
:10E5A000CDED170A04F0CEFBB0EE401A9DED150A32
:10E5B0001C9880ED001ADFEDDD0ACDED160A04F09F
:10E5C000C1FBDDED160A1C9880ED010A9FEDD80A0B
:10E5D0008DED180A04F0B6FBDDED170AB0EE401A17
:10E5E0009DED180A1C9880ED021A04F0ABFB1C98F4
:10E5F00080ED030A8AE11D9890ED001A90ED010A62
:10E6000090ED022AB7EEC00AB7EEC22A9FEDCA3BD0
:10E610008DED023BA2EE030BB7EEC00BB7EEC11AB5
:10E620009FEDC73B8DED0C3BA2EE031BF7EEC10B3C
:10E6300004F088FB9DED023BB1EE400A1C9880ED92
:10E64000000A1D9890ED001A90ED010A90ED022A43
:10E65000B7EEC00AB7EEC22AA2EE030BB7EEC00BAC
:10E66000B7EEC11A9FEDB83B8DED063BA2EE031B42
:10E67000F7EEC10B04F066FB9DED063BB1EE400AE0
:10E680001C9880ED010A1D9890ED001A90ED010A8A
:10E6900090ED022AB7EEC00AB7EEC22A9FEDAC4B4E
:10E6A0008DED0A4BA2EE040BB7EEC00BB7EEC11A0C
:10E6B000A2EE031BF7EEC10B04F044FB9DED0A4BE9
:10E6C0009DED0C3BB1EE400A1C9880ED020A1D98AE
:10E6D00090ED001A90ED010A90ED022AB7EEC00A03
:10E6E000B7EEC22AA2EE040BB7EEC00BB7EEC11A0A
:10E6F000A2EE031BF7EEC10B04F024FB9DED022BF1
:10E70000B1EE400A1C9880ED030A1D9890ED010AB5
:10E7100090ED021AB7EEC00AB7EEC11AA1EE020BD5
:10E72000B7EEC00BF0EE000ACDED0F0A04F008FDC5
:10E730009DED0C3BDDED0F0A8DED010A1D9890ED6E
:10E74000001A90ED020AB7EEC11AB7EEC02AA2EE87
:10E75000031BB7EEC10B04F0F3FCB0EE401A9DEDC5
:10E76000010A30EE010A05F0E5F89DED023BDDED12
:10E770000F0A9FEDCD1A8DED111A20EE410AB7EE6A
:10E78000C01A9FEDC72B8DED122B81EE021BB7EE49
:10E79000C10B1C9880ED040A1D9890ED011A90EDB4
:10E7A000020AB7EEC11AB7EEC02AA2EE031BB7EEFB
:10E7B000C10B04F0C5FC9DED063BDDED0F0A8DEDB0
:10E7C000050A1D9890ED001A90ED020AB7EEC11AE5
:10E7D000B7EEC02AA2EE031BB7EEC10B04F0B0FCEB
:10E7E000B0EE401A9DED050A30EE010A05F0A2F8E0
:10E7F0009DED0A3BDDED0F0A9DED111A9DED122BEB
:10E8000020EE010AB7EEC01A81EE021BB7EEC10B73
:10E810001C9880ED050A1D9890ED011A90ED020AF2
:10E82000B7EEC11AB7EEC02AA2EE031BB7EEC10BBA
:10E8300004F086FC9DED063BDDED0F0A8DED090A27
:10E840001D9890ED001A90ED020AB7EEC11AB7EECE
:10E85000C02AA2EE031BB7EEC10B04F071FCB0EEB0
:10E86000401A9DED090A30EE010A05F063F89DEDAE
:10E870000A3BDDED0F0A9DED111A9DED122B20EEE6
:10E88000410AB7EEC01A81EE021BB7EEC10B1C980D
:10E8900080ED060A1D9890ED011A90ED020AB7EE80
:10E8A000C11AB7EEC02AA2EE031BB7EEC10B04F0EB
:10E8B00047FC9DED0C3BDDED0F0A8DED100A1D9818
:10E8C00090ED001A90ED020AB7EEC11AB7EEC02A19
:10E8D000A2EE031BB7EEC10B04F032FCB0EE401AFF
:10E8E0009DED100A30EE010A05F024F89DED112A85
:10E8F0009DED121B20EE020AB7EEC00A80EE010B5E
:10E90000B7EEC00B1C9880ED070AFFE700208DF8DA
:10E910006E00FFE79DF86E00032800F3BC801BE04B
:10E92000CDCC4C3E250681BE46B6733E46B673BE80
:10E930002506813E00BF00BF54E3A59BC420D0BF85
:10E94000105839B4C876CE3F105839B4C876CEBF07
:10E9500054E3A59BC420D03F1C989DF86E1000EB9B
:10E96000810090ED000A02F0C3FB8DED1A0A1C989D
:10E970009DF86E1000EB8100006A19909DED1A0A57
:10E980009DED191A30EE410A02F0B2FB1C989DF879
:10E990006E1000EB810080ED0C0A1C989DF86E1043
:10E9A00000EB810090ED0C0A9FED401AB4EE410A95
:10E9B000F1EE10FA19DDFFE71C989DF86E1000EBE0
:10E9C000810090ED0C0A9FED3C1A30EE010A80EDBB
:10E9D0000C0A1C989DF86E1000EB810090ED040A63
:10E9E000B1EE400A80ED040A28E01C989DF86E10F4
:10E9F00000EB810090ED0C0A9FED2D1AB4EE410A58
:10EA0000F1EE10FA19DAFFE71C989DF86E1000EB92
:10EA1000810090ED0C0A9FED271A30EE010A80ED7F
:10EA20000C0A1C989DF86E1000EB810090ED040A12
:10EA3000B1EE400A80ED040AFFE7FFE79DED190AF9
:10EA40001C989DF86E1000EB810090ED0C1A30EED2
:10EA5000010A80ED000A1C989DF86E2000EB8201EF
:10EA600050F8220008621C989DF86E1000EB81009F
:10EA700090ED000A9FED0F1A80EE010A9FED0F1A2C
:10EA800020EE010A80ED100AFFE79DF86E000130CC
:10EA90008DF86E003EE71EB080BD00BF00BF00BF16
:10EAA00000000040C728DE3F00007042DB0FC93F76
:10EAB000DB0FC9BFDB0F4940DB0F49C00000344307
:10EAC00080B582B040F6FC40C2F2004000780028D9
:10EAD00061D1FFE740F2C800C2F20040007EC007EB
:10EAE000D8B1FFE740F2C800C2F2004090F834000D
:10EAF000C00790B1FFE740F2C800C2F2004090F8B2
:10EB00005000C00748B1FFE740F2C800C2F2004021
:10EB100090F86C00C00708B9FFE73CE00020ADF8B2
:10EB20000600FFE7BDF80600C72826DCFFE7002047
:10EB30008DF80500FFE79DF80500032813DCFFE7CB
:10EB40009DF80500C0EBC00140F2C800C2F20040D1
:10EB500000EB8100F1F714FFFFE79DF8050001309D
:10EB60008DF80500E7E70A2000F03AF8FFE7BDF866
:10EB700006000130ADF80600D4E740F6FC41C2F2D1
:10EB800000410120087040F2AC00C2F20040006871
:10EB900000F0CAFAFFE702B080BD000000000000EC
:10EBA00080B582B000200190FCF72EFBF7F724FC23
:10EBB000FDF736FDFCF744FCFCF752FBFCF79CFB31
:10EBC000FCF792FCFCF7D8FCFCF71EFD00F020F8E7
:10EBD000FCF7CAFB00F048F8FFE7FEE70000000082
:10EBE00080B582B00190FCF78FFA20B1FFE76FF09B
:10EBF0000500009009E000200090019820B1FFE797
:10EC0000019801F06DFFFFE7FFE7009802B080BDBB
:10EC100080B582B0FCF778FA20B1FFE76FF005000D
:10EC200001901BE003F078FB00900098012810D1C0
:10EC3000FFE740F27C00C2F20040006848B9FFE7FD
:10EC400040F27C01C2F200410120086000200190E6
:10EC500003E04FF0FF300190FFE7FFE7019802B0BB
:10EC600080BD00000000000080B582B0FCF74CFAC7
:10EC700020B1FFE76FF00500019020E003F04CFBAE
:10EC800000900098012815D1FFE740F27C00C2F205
:10EC90000040006801280DD1FFE7FDF715FB40F2A9
:10ECA0007C01C2F200410220086002F095F80020C9
:10ECB000019003E04FF0FF300190FFE7FFE701987C
:10ECC00002B080BD0000000080B588B007900691BA
:10ECD000059204930798039000200290FCF714FA21
:10ECE00078B3FFE7039830B1FFE7069818B1FFE764
:10ECF000049820B1FFE76FF00300029020E00020AD
:10ED000001900398069901AA03F02EF8012804D077
:10ED1000FFE76FF00200029011E0FFE7019860B199
:10ED2000FFE74EF60451CEF200014FF0805008602C
:10ED3000BFF34F8FBFF36F8FFFE7FFE7FFE7FFE7FB
:10ED40001FE0039818B1FFE7069820B9FFE76FF0BE
:10ED50000300029014E003980699049A02F014FF4D
:10ED600001280CD0FFE7049820B1FFE76FF0010005
:10ED7000029003E06FF002000290FFE7FFE7FFE779
:10ED8000FFE7029808B080BD80B586B00590049179
:10ED9000039200200290FCF7B7F900286DD1FFE73D
:10EDA0000598002869D0FFE70498002865D0FFE7A0
:10EDB0004FF0FF300190039868B3FFE70398806835
:10EDC000A0B1FFE70398C06850280FD3FFE703986E
:10EDD000006958B1FFE7039840690599049A5143C7
:10EDE000884203D3FFE70120019013E00398806875
:10EDF00078B9FFE70398C06858B9FFE7039800693E
:10EE000038B9FFE70398406918B9FFE7002001907F
:10EE1000FFE7FFE702E000200190FFE701980128EB
:10EE20000ED1FFE705980499039A93681269EE469C
:10EE30004FF0000CCEF800C002F032FB02900AE066
:10EE4000019838B9FFE705980499002202F0D4FA36
:10EE50000290FFE7FFE7029870B1FFE7039850B117
:10EE6000FFE70398006830B1FFE70298039909684B
:10EE700001F04AFDFFE7FFE7FFE7029806B080BD1B
:10EE800080B588B0079006918DF8172004930798F5
:10EE9000039000200290FCF737F978B3FFE703985E
:10EEA00030B1FFE7069818B1FFE7049820B1FFE7FB
:10EEB0006FF00300029020E000230193039806996D
:10EEC00001AA02F0EDFC012804D0FFE76FF0020078
:10EED000029011E0FFE7019860B1FFE74EF60451A0
:10EEE000CEF200014FF080500860BFF34F8FBFF3A8
:10EEF0006F8FFFE7FFE7FFE7FFE720E0039818B118
:10EF0000FFE7069820B9FFE76FF00300029015E0D5
:10EF100003980699049A002302F0AAFB01280CD05A
:10EF2000FFE7049820B1FFE76FF00100029003E0D3
:10EF30006FF002000290FFE7FFE7FFE7FFE70298AC
:10EF400008B080BD0000000080B586B00590049137
:10EF50000598039000200290039820B9FFE76FF016
:10EF60000300029040E0FCF7CFF840B3FFE70498BD
:10EF700020B1FFE76FF0030002901FE00021019134
:10EF8000039801AA02F0F0FE012804D0FFE76FF019
:10EF90000200029011E0FFE7019860B1FFE74EF632
:10EFA0000451CEF200014FF080500860BFF34F8F44
:10EFB000BFF36F8FFFE7FFE7FFE7FFE713E003987B
:10EFC000049902F075FF01280CD0FFE7049820B1E6
:10EFD000FFE76FF00100029003E06FF00200029083
:10EFE000FFE7FFE7FFE7FFE7029806B080BD0000FC
:10EFF00080B586B005900491039200200290FCF742
:10F0000083F8002840F08B80FFE70598002800F087
:10F010008680FFE704980599884200F28080FFE728
:10F020004FF0FF3001900398C8B1FFE70398806864
:10F0300040B1FFE70398C068502803D3FFE70120E1
:10F0400001900BE00398806838B9FFE70398C06827
:10F0500018B9FFE700200190FFE7FFE702E000207A
:10F060000190FFE701980130002857D0FFE705988D
:10F0700001282ED1FFE7019801280CD1FFE7039862
:10F08000836869460320086001200022114602F0CF
:10F0900007FA029006E001200021032202F0ACF9F9
:10F0A0000290FFE7029898B1FFE7049880B1FFE76C
:10F0B0000298002319461A4602F0DAFA012806D00F
:10F0C000FFE7029801F07CFC00200290FFE7FFE7D9
:10F0D00012E00198012808D1FFE705980499039AE6
:10F0E000926802F055F9029005E00598049902F043
:10F0F0001FF90290FFE7FFE7029870B1FFE703985E
:10F1000050B1FFE70398006830B1FFE70298039918
:10F11000096801F0F9FBFFE7FFE7FFE7FFE7029867
:10F1200006B080BD0000000080B584B00390039855
:10F13000029000200190029820B9FFE76FF00300D1
:10F14000019032E0FBF7E0FF00B3FFE70020009002
:10F150000298694602F068FC012804D0FFE76FF0CE
:10F160000200019011E0FFE7009860B1FFE74EF662
:10F170000451CEF200014FF080500860BFF34F8F72
:10F18000BFF36F8FFFE7FFE7FFE70DE00298002373
:10F1900019461A4602F06CFA012804D0FFE76FF016
:10F1A00002000190FFE7FFE7FFE7019804B080BD90
:10F1B000B0B58CB00A900991089200200590FBF739
:10F1C000A3FF002840F09980FFE70A98002800F08C
:10F1D0009480FFE78020069018200490002007907C
:10F1E0004FF0FF300390089800284DD0FFE70898B3
:10F1F000006820B1FFE7089800680790FFE70898CB
:10F20000806920B1FFE7089880690490FFE70498BF
:10F2100048B1FFE70498382805D8FFE70898007937
:10F22000C00718B1FFE700200B9069E0089840691B
:10F2300028B1FFE70898406980080690FFE7089822
:10F24000806880B1FFE70898C06864280BD3FFE7A7
:10F250000898006938B1FFE70898406918B1FFE7DE
:10F26000012003900FE00898806858B9FFE70898DC
:10F27000C06838B9FFE70898006918B9FFE70020AF
:10F280000390FFE7FFE702E000200390FFE7039809
:10F29000012817D1FFE70A980799069A099BDDF81C
:10F2A00010C0DDF820E0DEF80850DEF81040EE4631
:10F2B000CEF80850CEF80440CEF800C002F0C0FFEF
:10F2C000059019E00398B0B9FFE70A980799BDF8CF
:10F2D0001820099BDDF810C0EE4605ACCEF80440BE
:10F2E000CEF800C002F058FF012803D0FFE700204D
:10F2F0000590FFE7FFE7FFE7FFE705980B90FFE7C3
:10F300000B980CB0B0BD000080B588B007908DEDB3
:10F31000060ACDED050A8DED041ACDED031A8DED2B
:10F32000022ACDED012A07983821F1F75CF90698F9
:10F3300007990860059807994860049807998860BC
:10F3400003980799886202980799C86101980799FC
:10F35000486208B080BD000080B586B00590049179
:10F3600045F20820C2F200400068029040F6840096
:10F37000C2F200400068043001F0DEF808B9FFE78F
:10F3800000E0FFE70598013028BBFFE7049810B3C1
:10F39000FFE7FFE745F2E011C2F200414868019043
:10F3A000019A40F68400C2F2004003689A60019A14
:10F3B00092680368DA6002680432019B9B685A60B5
:10F3C00002680432019B9A6000684161086801305C
:10F3D0000860FFE73DE00298059908440390039810
:10F3E00040F68401C2F2004109684860039802991E
:10F3F00088420ED2FFE740F69400C2F20040006857
:10F4000040F68401C2F200410968043101F01CF9A0
:10F410001EE040F68C00C2F20040006840F6840115
:10F42000C2F200410968043101F00EF9039845F277
:10F430006C11C2F200410968884207D2FFE70398C5
:10F4400045F26C11C2F20041086000E0FFE7FFE7FF
:10F45000FFE706B080BD000080B582B0019001F0EA
:10F4600037F944F63C11C2F20041086801300860E7
:10F4700040F68400C2F20040006898B9FFE70198A6
:10F4800040F68401C2F20041086044F63C10C2F22A
:10F4900000400068012803D1FFE700F039FB00E0DD
:10F4A000FFE71CE045F2D410C2F200400068A0B9AA
:10F4B000FFE740F68400C2F200400068C06A01998C
:10F4C000C96A884207D8FFE7019840F68401C2F272
:10F4D0000041086000E0FFE700E0FFE7FFE744F6D7
:10F4E0004810C2F2004001680131016000680199D2
:10F4F0008864FFE7FFE70198C06A44F64C11C2F246
:10F5000000410968884208D9FFE70198C06A44F6BB
:10F510004C11C2F200410860FFE7FFE7FFE70198E6
:10F52000C06A00EB800040F69C01C2F2004101EB92
:10F530008000406800900098019A90600098806870
:10F54000019AD06001980430009A92685060019846
:10F550000430009A9060019AD06A00EB800001EBC1
:10F56000800050610198C06A00EB800251F82200CF
:10F57000013041F82200FFE7FFE701F0D5F845F23E
:10F58000D410C2F200400068C8B1FFE740F6840022
:10F59000C2F200400068C06A0199C96A88420CD270
:10F5A000FFE74EF60451CEF200014FF080500860A4
:10F5B000BFF34F8FBFF36F8F00E0FFE700E0FFE77F
:10F5C00002B080BD0000000080B584B001F080F87A
:10F5D00045F20C20C2F200400068002840D1FFE74D
:10F5E00045F21010C2F20040029001F00DF845F211
:10F5F0002410C2F20040039001F006F8029903982B
:10F6000040F68802C2F20042116040F69801C2F250
:10F610000041086069460020086040F29072C2F222
:10F62000004240F63003C2F200430A20102101F0EC
:10F6300037FF014645F20C20C2F20040016000682D
:10F6400060B1FFE745F20C20C2F20040006843F6CB
:10F650003161C0F6010101F057F900E0FFE700E079
:10F66000FFE701F061F804B080BD00000000000079
:10F6700080B582B0FFE744F64010C2F20040006857
:10F6800008B3FFE701F024F845F2F410C2F200409D
:10F69000C068C06801900198043000F04DFF44F646
:10F6A0003C11C2F2004108680138086044F640117C
:10F6B000C2F2004108680138086001F035F801988D
:10F6C00000F092F8D7E702B080BD00000000000013
:10F6D00080B582B0019000910198006CB8B1FFE74D
:10F6E0000199C8680A6C1044C86001988168C068B4
:10F6F000884204D3FFE701990868C86000E0FFE78B
:10F700000098019AD168126CF0F7CCFEFFE702B0C6
:10F7100080BD00000000000080B586B00590049117
:10F720000392002002900598806B01900598006C70
:10F7300078B9FFE70598006848B9FFE70598806841
:10F7400002F056FF029005990020886000E0FFE774
:10F7500041E00398B8B9FFE7059A04995068126C24
:10F76000F0F7A0FE059948680A6C104448600599B6
:10F7700048688968884204D3FFE7059908684860AB
:10F7800000E0FFE726E0059A0499D068126CF0F7D4
:10F7900089FE0599C8680A6C801AC86005980168D6
:10F7A000C068884206D2FFE7059988680A6C801A0B
:10F7B000C86000E0FFE70398022809D1FFE701983D
:10F7C00020B1FFE701980138019000E0FFE700E079
:10F7D000FFE7FFE7FFE7019801300599886302988A
:10F7E00006B080BD0000000080B582B00090009897
:10F7F00090F8610040B9FFE70098006B00F0BCFF93
:10F80000009800F0B9FF1CE0009890F86100012812
:10F8100004D1FFE7009800F0AFFF11E0009890F8E6
:10F82000610002280BD0FFE74FF0500080F31188F1
:10F83000BFF36F8FBFF34F8F0190FFE7FEE7FFE746
:10F84000FFE702B080BD000082B001900198406ADD
:10F8500038B1FFE70198006B0068C0F138000090F4
:10F8600002E000200090FFE7009802B0704700001F
:10F8700082B0019040F68800C2F200400068006843
:10F88000B0FA80F04009019908600198006848B911
:10F89000FFE740F68800C2F200400068C0680068D8
:10F8A000009002E000200090FFE7009802B070474F
:10F8B00084B04FF47050009040F62A50C2F20040DD
:10F8C00001909DF80400400788B1FFE701980730D8
:10F8D0000190019820F007000190019A40F62A510A
:10F8E000C2F200410098891A08440090FFE701988D
:10F8F0000290029945F2D810C2F200400160002146
:10F9000041600298009A10440190019808380190D3
:10F91000019820F007000190019A40F69000C2F291
:10F920000040026002685160026811600299039110
:10F930000199039A891A5160006803990860039835
:10F94000406845F26811C2F20041086003984068BF
:10F9500045F26011C2F20041086004B07047000037
:10F9600080B582B00190FFE7FFF782FE40F69C0071
:10F97000C2F20040006802280CD3FFE74EF60451A3
:10F98000CEF200014FF080500860BFF34F8FBFF3FD
:10F990006F8F00E0FFE7E7E780B584B0DDF818C0BF
:10F9A0000390029101928DF80330029818B9FFE795
:10F9B0000698006003E0019806990860FFE7039845
:10F9C0000699C8630298069908640698012101F017
:10F9D000CBFD9DF80300069981F84C0004B080BD72
:10F9E00080B588B0DDF834C0DDF830C0DDF82CC05B
:10F9F000DDF828C005900491039202930C98006BE7
:10FA000003998900A522F0F7C4FD0C98006B0399B7
:10FA100000EB810004380190019820F0070001906C
:10FA20009DF80400400758B1FFE74FF0500080F305
:10FA30001188BFF36F8FBFF34F8F0790FFE7FEE78B
:10FA400001980C9948640498F8B1FFE700200090F1
:10FA5000FFE700980F2813D8FFE70498009A805C0E
:10FA60000C99114481F8340004980099405C08B95D
:10FA7000FFE705E0FFE7FFE7009801300090E8E7C7
:10FA80000C99002081F8430000E0FFE70A9838282D
:10FA90000BD3FFE74FF0500080F31188BFF36F8F57
:10FAA000BFF34F8F0690FFE7FEE70A98382803D38D
:10FAB000FFE737200A9000E0FFE70A980C99C86238
:10FAC0000A980C9908650C98043000F0B5FD0C9864
:10FAD000183000F0B1FD0C9800610A98C0F13800B0
:10FAE0000C9988610C98406201980599029A00F07F
:10FAF000AFFC0C9908600B9820B1FFE70C980B99AC
:10FB0000086000E0FFE708B080BD000000000000D2
:10FB100080B584B000200390FFE70398372810D801
:10FB2000FFE7039800EB800140F69C00C2F2004022
:10FB300000EB810000F068FDFFE7039801300390BF
:10FB4000EBE745F23810C2F20040019000F05CFD96
:10FB500045F24C10C2F20040029000F055FD45F213
:10FB60008010C2F2004000F04FFD45F2F410C2F2E6
:10FB7000004000F049FD45F2E010C2F2004000F004
:10FB800043FD0199029840F68C02C2F200421160D6
:10FB900040F69401C2F20041086004B080BD00004C
:10FBA00083B0029045F2D810C2F200400190FFE706
:10FBB000019800680299884205D2FFE7FFE70198A3
:10FBC00000680190F4E70198009000980199496855
:10FBD00008440299884209D1FFE7029842680199D6
:10FBE0004868104448600198029000E0FFE70298DE
:10FBF0000090009802994968084401990968884270
:10FC000020D1FFE70198006840F69001C2F2004160
:10FC1000096888420DD0FFE70198006842680299A0
:10FC200048681044486001980068006802990860BC
:10FC300007E040F69000C2F20040006802990860B8
:10FC4000FFE704E00198006802990860FFE7019867
:10FC50000299884204D0FFE702980199086000E009
:10FC6000FFE703B07047000080B586B005900491AF
:10FC7000039202930020019004980599486005982A
:10FC8000006104980399884216D8FFE70398029907
:10FC9000401A05998969884203D3FFE70120019042
:10FCA00009E040F69800C2F200400068059904316E
:10FCB00000F0CAFCFFE717E003980299884208D2D7
:10FCC000FFE704980299884203D3FFE701200190DF
:10FCD00009E040F68800C2F200400068059904314E
:10FCE00000F0B2FCFFE7FFE7019806B080BD00001E
:10FCF00080B582B0019000F0EBFC0198806B18B9E0
:10FD0000FFE70120009002E000200090FFE700F0F4
:10FD10000BFD009802B080BD80B582B0019000F06C
:10FD2000D7FC0198806B0199C96B884203D1FFE72A
:10FD30000120009002E000200090FFE700F0F4FCBA
:10FD4000009802B080BD000008480068006880F399
:10FD500008884FF0000080F3148862B661B6BFF3E4
:10FD60004F8FBFF36F8F00DF00BF000008ED00E092
:10FD700080B584B00390029140F68800C2F2004042
:10FD80000068C068C06801900198043000F0D4FB9E
:10FD9000019890F828004007002806D5FFE7019851
:10FDA0000399029A00F020F907E0019991F82800E0
:10FDB00000F0FE0081F82800FFE70198016A8847FB
:10FDC00004B080BD0000000080B58CB0FFE745F2B4
:10FDD0000C20C2F20040006806A9002201F0D4FE07
:10FDE000002800F0AF80FFE70698B0F1FF3F17DC76
:10FDF000FFE706A804300290029858B9FFE74FF0D9
:10FE0000500080F31188BFF36F8FBFF34F8F0B90BB
:10FE1000FFE7FEE702990A6848688968904700E0B2
:10FE2000FFE70698002800F18C80FFE7089805900E
:10FE30000598406928B1FFE70598043000F07CFB85
:10FE400000E0FFE704A800F00BF9039006980138E2
:10FE500001460191082800F272800199DFE801F063
:10FE60000505323A5B0505323A00059991F82800FC
:10FE700040F0010081F828000598079B816919442A
:10FE8000039AFFF7F1FED8B1FFE7059890F8280034
:10FE90004007002808D5FFE70598079982691144B3
:10FEA000039A00F0A1F807E0059991F8280000F006
:10FEB000FE0081F82800FFE70598016A884700E006
:10FEC000FFE73DE0059991F8280000F0FE0081F879
:10FED000280035E0059991F8280040F0010081F8EC
:10FEE00028000798059988610598806958B9FFE747
:10FEF0004FF0500080F31188BFF36F8FBFF34F8F27
:10FF00000A90FFE7FEE70598039B816919441A46AA
:10FF1000FFF7AAFE14E0059890F828008007002853
:10FF200004D4FFE7059800F027FC07E0059991F855
:10FF3000280000F0FE0081F82800FFE700E0FFE75E
:10FF4000FFE744E70CB080BD80B584B00390029118
:10FF500000F0B6FF684600F083F801900098D8BB27
:10FF6000FFE7029860B9FFE703980199884207D834
:10FF7000FFE702F065FD03980199FFF7F9FE2AE01B
:10FF8000029858B1FFE740F69800C2F200400068BE
:10FF90000068B0FA80F040090290FFE745F20C20BB
:10FFA000C2F2004000680399019A891A029A00F08F
:10FFB00063FD02F045FD60B9FFE74EF60451CEF255
:10FFC00000014FF080500860BFF34F8FBFF36F8F79
:10FFD00000E0FFE7FFE702E002F032FDFFE704B0D8
:10FFE00080BD00000000000080B584B00390029145
:10FFF0000192FFE70398029B81691944019AFFF778
:020000040801F1
:1000000033FE48B1FFE703988169029808440290E3
:100010000398016A8847EDE704B080BD0000000046
:1000200040F68C00C2F200400068006840B9FFE76B
:1000300045F26C11C2F200414FF0FF3008600CE055
:1000400040F68C00C2F200400068C068006845F2CB
:100050006C11C2F200410860FFE770470000000029
:1000600080B582B0019002F073F90090009840F6DC
:100070008001C2F200410968884206D2FFE700F021
:1000800013F801990120086003E00199002008603D
:10009000FFE7009840F68001C2F200410860009836
:1000A00002B080BD0000000080B582B0FFE740F6DE
:1000B0008800C2F200400068006870B1FFE740F6B7
:1000C0008800C2F200400068C06800680190019892
:1000D0004FF0FF31FFF74CFEE9E740F68802C2F22D
:1000E00000421068009040F69801C2F20041086892
:1000F00010600098086002B080BD000000000000A1
:1001000083B00020009040F21400C2F2004000686A
:10011000013058B1FFE74FF0500080F31188BFF372
:100120006F8FBFF34F8F0290FFE7FEE74FF0500055
:1001300080F31188BFF36F8FBFF34F8F0190FFE7FC
:10014000009808B9FFE7FBE703B070470000000024
:1001500080B584B00390FFE701A8FFF789FB029008
:1001600002980199FFF7F0FEFFF72EFEF4E700007A
:1001700080B582B0019000F0ABFA019890F845008C
:100180008DF80300FFE79DF90300012816DBFFE768
:100190000198406A58B1FFE70198243002F078FBDB
:1001A00018B1FFE700F0E8FC00E0FFE700E005E041
:1001B0009DF8030001388DF80300E4E70199FF2062
:1001C00081F8450000F0B0FA00F082FA019890F84A
:1001D00044008DF80200FFE79DF90200012816DBBC
:1001E000FFE70198006980B1FFE70198103002F045
:1001F0004FFB18B1FFE700F0BFFC00E0FFE79DF800
:10020000020001388DF8020000E000E0E4E7019907
:10021000FF2081F8440000F087FA02B080BD0000A2
:1002200080B58AB007900020039000F049FE40F6A8
:100230009000C2F20040006818B9FFE7FFF738FBF2
:1002400000E0FFE7079840B3FFE7079810F1090FB8
:100250001FD8FFE70798083007909DF81C0040075B
:10026000A8B1FFE7079800F00700C0F1080002906E
:1002700007980299C943884205D8FFE70299079871
:100280000844079002E000200790FFE700E0FFE746
:1002900002E000200790FFE700E0FFE79DF81F0065
:1002A0000006002800F19D80FFE70798002800F075
:1002B0009680FFE7079845F26011C2F20041096895
:1002C000884200F28C80FFE745F2D810C2F200406D
:1002D000059000680690FFE706984168079A00209D
:1002E0009142019007D2FFE706980068002818BFE6
:1002F00001200190FFE70198C00730B1FFE70698A1
:100300000590069800680690E6E7069840F690018A
:10031000C2F20041096888425FD0FFE70598006893
:1003200008300390069800680599086006984068B0
:100330000799401A112821D3FFE706980799084426
:1003400004909DF81000400758B1FFE74FF05000AF
:1003500080F31188BFF36F8FBFF34F8F0990FFE7D2
:10036000FEE7069840680799401A04994860079884
:10037000069948600498FFF713FC00E0FFE7069831
:10038000426845F26010C2F200400168891A0160BB
:10039000006845F26811C2F20041096888420BD238
:1003A000FFE745F26010C2F20040006845F26811B4
:1003B000C2F20041086000E0FFE70699486840F09B
:1003C0000040486006990020086045F27411C2F2AE
:1003D000004108680130086000E0FFE700E0FFE747
:1003E00000E0FFE702F02CFB039818B9FFE700F0EC
:1003F000FFF800E0FFE79DF80C00400758B1FFE769
:100400004FF0500080F31188BFF36F8FBFF34F8F11
:100410000890FFE7FEE703980AB080BD00000000E7
:1004200040F68400C2F20040006848B1FFE740F6A1
:100430008400C2F200400168486D01304865FFE762
:1004400040F68400C2F200400068704700000000DF
:1004500083B00290019100920298043802900299B0
:100460004FF080700860029804380290019820F0E4
:10047000010002990860029804380290029940F243
:100480000110C0F60100086002981438029000982C
:100490000299086002980438029002996FF00200F5
:1004A0000860029820380290029803B0704700005C
:1004B00083B08DED020ACDED010A9DED020A9DED9E
:1004C000011A30EE410A8DED000AFFE79DED000AAA
:1004D0009FED141AB4EE410AF1EE10FA09DDFFE7C0
:1004E0009DED000A9FED121A30EE010A8DED000A13
:1004F000ECE7FFE79DED000A9FED0B1AB4EE410A11
:10050000F1EE10FA09DAFFE79DED000A9FED071AF8
:1005100030EE010A8DED000AECE79DED000A03B014
:10052000704700BF00003443000034C30000B443F0
:100530000000B4C30000000082B00190019800697F
:1005400000900198416880688860019948688968CE
:100550004860009840680199884205D1FFE70198FA
:1005600080680099486000E0FFE701990020086179
:1005700000990868013808600098006802B0704768
:1005800044F63C10C2F200400068704700000000D2
:1005900083B0029001910092029944F65030C2F269
:1005A00000400860019944F65010C2F20040086013
:1005B00000998020086003B0704700000000000030
:1005C00083B0029001910092029944F6B470C2F295
:1005D00000400860019944F6B430C2F2004008605F
:1005E00000994FF48070086003B07047000000006D
:1005F000704700000000000082B00190009102B03E
:10060000704700000000000081B00090009901F1E7
:100610000800486000994FF0FF308860009901F1B0
:100620000800C860009901F10800086100990020E5
:10063000086001B07047000081B000900099002070
:10064000086101B07047000084B0039002910298E5
:10065000006800900098013020B9FFE70398006916
:10066000019010E0039808300190FFE7019840687E
:1006700000680099884205D8FFE7FFE701984068C5
:100680000190F3E7FFE701984068029948600298FB
:1006900041688860019802998860029801994860D1
:1006A000039802990861039908680130086004B052
:1006B0007047000000000000DFF80C00016841F402
:1006C000700101607047000088ED00E0000000004C
:1006D00082B04FF0500080F31188BFF36F8FBFF3EB
:1006E0004F8F019040F21400C2F2004001680131C6
:1006F00001600068012814D1FFE74EF60450CEF2E5
:1007000000000068000658B1FFE74FF0500080F38A
:100710001188BFF36F8FBFF34F8F0090FFE7FEE7A5
:10072000FFE702B07047000082B040F21400C2F24E
:100730000040006858B9FFE74FF0500080F311887F
:10074000BFF36F8FBFF34F8F0090FFE7FEE740F2DC
:100750001400C2F20040016801390160006830B93C
:10076000FFE700200190019880F31188FFE702B0B5
:10077000704700000000000080B586B00390039829
:1007800002900398002852D0FFE7029808380290A0
:10079000029801900198C1790020B0EBD11F0BD1D4
:1007A000FFE74FF0500080F31188BFF36F8FBFF366
:1007B0004F8F0590FFE7FEE70198006858B1FFE70B
:1007C0004FF0500080F31188BFF36F8FBFF34F8F4E
:1007D0000490FFE7FEE70198C1790020B0EBD11F3C
:1007E00023D0FFE701980068E8B9FFE7019948685E
:1007F00020F00040486000F063FB0198426845F239
:100800006011C2F200410868104408600198FFF7C7
:10081000C7F945F27811C2F200410868013008605A
:1008200002F00EF900E0FFE700E0FFE7FFE706B0A7
:1008300080BD0000000000004EF21001CEF2000169
:10084000002008604EF21802CEF20002106040F262
:100850000000C2F20040006844F6D352C1F26202C6
:10086000A0FB02024FF0FF3000EB92104EF2140298
:10087000CEF2000210600720086070470000000000
:1008800084B0EFF305800190019810281ED3FFE794
:1008900001984EF2F031CEF20001405C8DF8030079
:1008A0009DF8030044F62A11C2F2004109788842FB
:1008B0000BDAFFE74FF0500080F31188BFF36F8F22
:1008C000BFF34F8F0390FFE7FEE7FFE74EF60C50B4
:1008D000CEF20000006800F4E06044F62C11C2F291
:1008E0000041096888420BD9FFE74FF0500080F3C0
:1008F0001188BFF36F8FBFF34F8F0290FFE7FEE7C2
:1009000004B070470000000085B003900291002001
:100910000090039858B9FFE74FF0500080F311881A
:10092000BFF36F8FBFF34F8F0490FFE7FEE702988E
:10093000C8B3FFE700200190FFE70198072831D8EE
:10094000FFE70398019A45F29411C2F2004101EBCE
:10095000C2014968884209D1FFE7019945F2941024
:10096000C2F2004000EBC10000901BE0009890B97B
:10097000FFE7019945F29410C2F2004050F83100AF
:1009800048B9FFE7019945F29410C2F2004000EB2C
:10099000C100009000E0FFE7FFE7FFE701980130AA
:1009A0000190CAE7FFE7009838B1FFE70298009985
:1009B0000860039800994860FFE705B070470000A1
:1009C00080B584B0029002980190019858B9FFE771
:1009D0004FF0500080F31188BFF36F8FBFF34F8F3C
:1009E0000390FFE7FEE7019800F00EF8019890F8F9
:1009F000460020B9FFE70198FFF7BEFE00E0FFE7E1
:100A000004B080BD0000000083B00190019858B987
:100A1000FFE74FF0500080F31188BFF36F8FBFF3F3
:100A20004F8F0290FFE7FEE700200090FFE700985D
:100A300007281FD8FFE7009945F29410C2F2004042
:100A400000EBC1004068019988420DD1FFE7009A90
:100A500045F29411C2F20041002041F83200009AA0
:100A600001EBC201486005E0FFE7FFE700980130B5
:100A70000090DCE703B0704780B584B0039002912A
:100A8000019203980090FFF723FE009890F944002C
:100A9000013028B9FFE70099002081F84400FFE702
:100AA000009890F94500013028B9FFE7009900202F
:100AB00081F84500FFE7FFF737FE0098806B38B9F3
:100AC000FFE7009824300299019A00F081F800E0D5
:100AD000FFE70098FFF74CFB04B080BD000000006A
:100AE00080B584B00290002001900298E0B1FFE749
:100AF00044F64410C2F20040006858B1FFE74FF0DE
:100B0000500080F31188BFF36F8FBFF34F8F0390B6
:100B1000FFE7FEE700F0D4F902980021FEF71CFC85
:100B200001F08EFF019000E0FFE7019860B9FFE758
:100B30004EF60451CEF200014FF080500860BFF332
:100B40004F8FBFF36F8F00E0FFE704B080BD000060
:100B500081B0009045F27010C2F200400068009928
:100B6000086045F20820C2F2004000680099486021
:100B700001B070470000000045F21421C2F20041AC
:100B8000012008607047000080B584B00290019198
:100B9000029858B9FFE74FF0500080F31188BFF377
:100BA0006F8FBFF34F8F0390FFE7FEE7029840F689
:100BB0008401C2F2004109681831FFF745FD019830
:100BC0000121FEF7C9FB04B080BD00000000000059
:100BD00080B586B0049003910292049858B9FFE75B
:100BE0004FF0500080F31188BFF36F8FBFF34F8F2A
:100BF0000590FFE7FEE7FFE7049840680190019841
:100C000040F68401C2F200410A68D0610198806810
:100C10000A68106208681830019A92685060086883
:100C20001830019A906004980968886204990868ED
:100C300001300860FFE7029820B1FFE74FF0FF3076
:100C40000390FFE703980299FEF786FB06B080BD8C
:100C500080B58AB007900691079805900120029010
:100C60000798002800F0B280FFE70598406D58B95A
:100C7000FFE74FF0500080F31188BFF36F8FBFF391
:100C80004F8F0990FFE7FEE70598006D06998842AF
:100C900003D2FFE70698039003E00598006D0390E8
:100CA000FFE70598C06A0399884200F08D80FFE74E
:100CB0000598406D012840F08580FFE7059840F6D3
:100CC0008401C2F20041096888420BD1FFE74FF06E
:100CD000500080F31188BFF36F8FBFF34F8F0890E0
:100CE000FFE7FEE70598C06A049003980599C8627B
:100CF0000598C07E0006002806D4FFE70398C0F1DF
:100D000038000599886100E0FFE70598406904997B
:100D100001EB810240F69C01C2F2004101EB82012D
:100D200088424DD1FFE705980430FFF705FC08B96C
:100D3000FFE700E0FFE7FFE7FFE70598C06A44F63A
:100D40004C11C2F200410968884208D9FFE70598B2
:100D5000C06A44F64C11C2F200410860FFE7FFE7A9
:100D6000FFE70598C06A00EB800040F69C01C2F2E4
:100D7000004101EB8000406801900198059A906065
:100D800001988068059AD06005980430019A9268AD
:100D9000506005980430019A9060059AD06A00EB83
:100DA000800001EB800050610598C06A00EB800272
:100DB00051F82200013041F82200FFE7FFE700E090
:100DC000FFE700E0FFE700E0FFE700E0FFE70AB031
:100DD00080BD00000000000080B58AB000200390B4
:100DE0000690059006A805A904AAFFF7D1FB039B6E
:100DF000049A0599DDF818C06846C0F808C041603B
:100E000003604FF66110C0F6000043F62C61C0F697
:100E1000010101F015FA014645F26410C2F20040EA
:100E20000160006818B1FFE70120079002E0002090
:100E30000790FFE70798012804D1FFE701F024FF9E
:100E4000079000E0FFE70798012821D1FFE74FF066
:100E5000500080F31188BFF36F8FBFF34F8F09905D
:100E600045F26C11C2F200414FF0FF30086045F2CC
:100E7000D411C2F200410120086045F20821C2F2FB
:100E8000004100200860FDF743FB00F069F90FE026
:100E90000798013058B9FFE74FF0500080F31188F0
:100EA000BFF36F8FBFF34F8F0890FFE7FEE7FFE7B9
:100EB00043F64060C0F6010000680AB080BD000043
:100EC00044F64411C2F200410868013008607047DE
:100ED00080B586B044F64410C2F20040006838B1D4
:100EE000FFE745F21421C2F2004101200860B2E0A0
:100EF00045F21421C2F2004100200860FDF70CFB0E
:100F0000014644F63410C2F200400160006844F625
:100F10003011C2F200410968884214D9FFE744F653
:100F20003410C2F20040006844F63011C2F20041B1
:100F30000968421A40F68400C2F200400168886DD8
:100F40001044886500E0FFE744F63410C2F2004028
:100F5000006844F63011C2F200410860FFE740F635
:100F60008400C2F200400068006B04904FF0A5308E
:100F7000039004980068B0F1A53F12D1FFE70498F0
:100F80004068B0F1A53F0CD1FFE704988068B0F14C
:100F9000A53F06D1FFE70498C068B0F1A53F0AD08D
:100FA000FFE740F68401C2F2004108680968343165
:100FB000FFF722FBFFE7FFE7FFE744F64C10C2F222
:100FC000004000680290FFE7029800EB800140F6C5
:100FD0009C00C2F2004050F8210090B9FFE702984F
:100FE00058B9FFE74FF0500080F31188BFF36F8FBF
:100FF000BFF34F8F0590FFE7FEE70298013802909C
:10100000E2E7FFE7029800EB800140F69C00C2F2A5
:10101000004000EB810001900199486840684860F9
:10102000019948680831884204D1FFE70199C868EE
:101030004860FFE701984068C06840F68401C2F24A
:1010400000410860FFE7029844F64C11C2F20041EB
:101050000860FFE7FFE706B080BD00000000000069
:1010600080B586B005908DED040A9DED040A9FEDD4
:101070001D1AB4EE410AF1EE10FA06DDFFE744F264
:101080000000C4F21C600490FFE79DED040A9FED90
:10109000161AB4EE410AF1EE10FA06DAFFE744F24E
:1010A0000000CCF21C600490FFE7002003909DED4F
:1010B000040ABDEEC00A10EE101A02A8019003AA9D
:1010C000FDF712F9019B05990868097901F540724D
:1010D000EC460421CCF800100121EFF7FDFA06B030
:1010E00080BD00BF00401C4600401CC60000000040
:1010F00081B08DED000AFFE79DED000A9FED141A07
:10110000B4EE410AF1EE10FA09DDFFE79DED000AA9
:101110009FED121A30EE010A8DED000AECE7FFE7B1
:101120009DED000A9FED0B1AB4EE410AF1EE10FAA4
:1011300009DAFFE79DED000A9FED071A30EE010A7C
:101140008DED000AECE79DED000A01B0704700BF8D
:10115000DB0F4940DB0F49C0DB0FC940DB0FC9C0C3
:1011600080B58AB04EF60050CEF2000000684CF216
:101170007121C4F20F1188420BD1FFE74FF05000EC
:1011800080F31188BFF36F8FBFF34F8F0990FFE794
:10119000FEE74EF60050CEF2000000684CF27021DF
:1011A000C4F20F1188420BD1FFE74FF0500080F3DB
:1011B0001188BFF36F8FBFF34F8F0890FFE7FEE7F3
:1011C000002004904EF20040CEF20000039001781F
:1011D0008DF81710FF21017000788DF80B009DF835
:1011E0000B0000F0500144F62A10C2F200400170DA
:1011F000007858B9FFE74FF0500080F31188BFF333
:101200006F8FBFF34F8F0790FFE7FEE79DF80B004E
:10121000C04310F0500F0BD0FFE74FF0500080F3A9
:101220001188BFF36F8FBFF34F8F0690FFE7FEE784
:10123000FFE79DF80B000006002809D5FFE704989A
:10124000013004909DF80B0040008DF80B00F0E792
:101250000498082807D1FFE744F62C11C2F2004198
:101260000020086008E00498C0F1070044F62C1143
:10127000C2F200410860FFE744F62C11C2F20041BF
:10128000086800020860086800F4E06008609DF8E3
:1012900017004EF20041CEF2000108704EF62051C8
:1012A000CEF20001086840F47F000860086840F052
:1012B0007F400860FFF7C0FA40F21401C2F200411B
:1012C000002001900860FFF7F7F94EF63471CEF276
:1012D0000001086840F040400860FEF735FDFFF768
:1012E000F7FDFEF70DFF01980AB080BD0000000079
:1012F00080B582B04FF0500080F31188BFF36F8F3C
:10130000BFF34F8F009001F02FF840B1FFE74EF68A
:101310000451CEF200014FF080500860FFE700203A
:101320000190019880F3118802B080BD0000000098
:1013300080B584B002900191002000900298A0B185
:10134000FFE70198029988420FD8FFE70298002131
:10135000022200F051F80090009820B1FFE70198B8
:101360000099886300E0FFE70EE0009858B9FFE7B6
:101370004FF0500080F31188BFF36F8FBFF34F8F92
:101380000390FFE7FEE7FFE7009804B080BD000090
:1013900080B586B0049003910292002001900498D9
:1013A000C0B1FFE703980499884213D8FFE7049877
:1013B000029B6A46022111600022114600F070F87B
:1013C0000190019820B1FFE703980199886300E03C
:1013D000FFE70EE0019858B9FFE74FF0500080F3A7
:1013E0001188BFF36F8FBFF34F8F0590FFE7FEE7C4
:1013F000FFE7019806B080BD80B588B006900591E2
:101400008DF81320002003900698A0B3FFE70699FB
:101410004FF0FF30B0FBF1F0059988422BD3FFE786
:1014200006980599484310F1510F24D8FFE7069814
:1014300005994843029002985030FEF7F1FE039060
:101440000398B0B1FFE703980190019850300190E4
:101450000399002081F8460006980599019A9DF8A5
:101460001330DDF80CC0EE46CEF800C0FEF794FA5B
:1014700000E0FFE70EE0039858B9FFE74FF0500097
:1014800080F31188BFF36F8FBFF34F8F0790FFE793
:10149000FEE7FFE7039808B080BD000000000000F1
:1014A00080B58CB084460E98CDF820C00791069286
:1014B00005938DF8130000200390059858B9FFE7B5
:1014C0004FF0500080F31188BFF36F8FBFF34F8F41
:1014D0000B90FFE7FEE70898A0B3FFE7059888B3F5
:1014E000FFE7069818B1FFE7079858B3FFE706989B
:1014F00018B9FFE7079828BBFFE750200290029831
:1015000050280BD0FFE74FF0500080F31188BFF355
:101510006F8FBFF34F8F0A90FFE7FEE702980598A1
:1015200003900399012081F8460008980799069ACC
:101530009DF81330DDF80CC0EE46CEF800C0FEF783
:101540002BFA0EE0039858B9FFE74FF0500080F3F4
:101550001188BFF36F8FBFF34F8F0990FFE7FEE74E
:10156000FFE703980CB080BD80B586B00390029170
:101570000120019003980090009858B9FFE74FF0C0
:10158000500080F31188BFF36F8FBFF34F8F05902A
:10159000FFE7FEE70098002856D0FFE70098C06BF1
:1015A000002851D0FFE70098C26B016C4FF0FF306C
:1015B000B0FBF2F0884247D3FFE7FFF789F80099C4
:1015C0000B68C86B0A6C00FB023088600099002031
:1015D000886300990868486000990B68C86B0A6CBA
:1015E000013800FB0230C8600099FF2081F84400F8
:1015F000009981F845000298D0B9FFE7009800698A
:10160000A0B1FFE70098103001F042F960B1FFE7A8
:101610004EF60451CEF200014FF080500860BFF347
:101620004F8FBFF36F8F00E0FFE700E0FFE708E0B8
:1016300000981030FEF7E8FF00982430FEF7E4FF32
:10164000FFE7FFF771F802E000200190FFE7019843
:1016500058B9FFE74FF0500080F31188BFF36F8F48
:10166000BFF34F8F0490FFE7FEE7019806B080BDFF
:1016700080B592B00C900B910A92099300200890CB
:101680000C980490049858B9FFE74FF0500080F38D
:101690001188BFF36F8FBFF34F8F1190FFE7FEE705
:1016A0000B990020039039B9FFE70498006C0028DB
:1016B00018BF01200390FFE70398C00758B1FFE768
:1016C0004FF0500080F31188BFF36F8FBFF34F8F3F
:1016D0001090FFE7FEE7099900200229029007D148
:1016E000FFE70498C06B013818BF01200290FFE7A4
:1016F0000298C00758B1FFE74FF0500080F31188FF
:10170000BFF36F8FBFF34F8F0F90FFE7FEE700F03F
:1017100003FE01460020019031B9FFE70A98002836
:1017200018BF01200190FFE70198C00758B1FFE7FB
:101730004FF0500080F31188BFF36F8FBFF34F8FCE
:101740000E90FFE7FEE7FFE7FEF7C2FF0498806B0D
:101750000499C96B884204D3FFE70998022834D161
:10176000FFE704980B99099AFDF7D6FF07900498B4
:10177000406AA0B1FFE70498243001F089F860B115
:10178000FFE74EF60451CEF200014FF080500860A2
:10179000BFF34F8FBFF36F8F00E0FFE710E00798B4
:1017A00060B1FFE74EF60451CEF200014FF08050D9
:1017B0000860BFF34F8FBFF36F8F00E0FFE7FFE7D5
:1017C000FEF7B2FF01200D9065E00A9828B9FFE707
:1017D000FEF7AAFF00200D905DE0089830B9FFE702
:1017E00005A8FFF7B5F90120089000E0FFE7FFE743
:1017F000FFE7FEF799FFFFF763FBFEF769FF049829
:1018000090F94400013028B9FFE70499002081F8DD
:101810004400FFE7049890F94500013028B9FFE73C
:101820000499002081F84500FFE7FEF77DFF05A839
:101830000AA900F045FC28BBFFE70498FEF76CFA04
:10184000C8B1FFE7049810300A99FFF79DF9049892
:10185000FEF78EFC01F0F4F860B9FFE74EF6045194
:10186000CEF200014FF080500860BFF34F8FBFF3FE
:101870006F8FFFE705E00498FEF77AFC01F0E0F8CF
:10188000FFE707E00498FEF773FC01F0D9F80020A9
:101890000D9000E058E70D9812B080BD00000000E8
:1018A00080B594B00C900B910A9209930C98069015
:1018B000069858B9FFE74FF0500080F31188BFF346
:1018C0006F8FBFF34F8F1090FFE7FEE70B9900205B
:1018D000029039B9FFE70698006C002818BF012074
:1018E0000290FFE70298C00758B1FFE74FF05000A1
:1018F00080F31188BFF36F8FBFF34F8F0F90FFE717
:10190000FEE7099900200229019007D1FFE7069818
:10191000C06B013818BF01200190FFE70198C00794
:1019200058B1FFE74FF0500080F31188BFF36F8F7D
:10193000BFF34F8F0E90FFE7FEE7FEF7A1FFEFF337
:1019400011814FF0500080F31188BFF36F8FBFF308
:101950004F8F12911190129807900698806B0699FC
:10196000C96B884204D3FFE7099802284FD1FFE7EB
:10197000069890F845008DF817000698806B049043
:1019800006980B99099AFDF7C7FE9DF917000130DB
:10199000B8B9FFE70698406A88B1FFE70698243097
:1019A00000F076FF48B1FFE70A9820B1FFE70A99F7
:1019B0000120086000E0FFE700E0FFE700E0FFE74C
:1019C00022E0FFE7FEF7DCFD03909DF91700039985
:1019D000884217D2FFE79DF917007F280BD1FFE758
:1019E0004FF0500080F31188BFF36F8FBFF34F8F1C
:1019F0000D90FFE7FEE79DF817000130069981F88A
:101A00004500FFE7FFE7FFE70120089002E0002024
:101A10000890FFE707981390139880F311880898AF
:101A200014B080BD0000000080B590B00890079110
:101A300008980490049858B9FFE74FF0500080F3DD
:101A40001188BFF36F8FBFF34F8F0C90FFE7FEE756
:101A50000498006C58B1FFE74FF0500080F31188F4
:101A6000BFF36F8FBFF34F8F0B90FFE7FEE7049834
:101A700001680020009039B9FFE7049880680028C9
:101A800018BF01200090FFE70098C00758B1FFE79A
:101A90004FF0500080F31188BFF36F8FBFF34F8F6B
:101AA0000A90FFE7FEE7FEF7EBFEEFF311814FF040
:101AB000500080F31188BFF36F8FBFF34F8F0E91EB
:101AC0000D900E9805900498806B039003980499EC
:101AD000C96B88424BD2FFE7049890F845008DF817
:101AE0000B0003980130049988639DF90B000130C5
:101AF000B8B9FFE70498406A88B1FFE7049824303A
:101B000000F0C6FE48B1FFE7079820B1FFE707994C
:101B10000120086000E0FFE700E0FFE700E0FFE7EA
:101B200022E0FFE7FEF72CFD01909DF90B000199E3
:101B3000884217D2FFE79DF90B007F280BD1FFE702
:101B40004FF0500080F31188BFF36F8FBFF34F8FBA
:101B50000990FFE7FEE79DF80B000130049981F83A
:101B60004500FFE7FFE7FFE70120069002E00020C5
:101B70000690FFE705980F900F9880F3118806985C
:101B800010B080BD0000000080B58EB009900891B3
:101B900007920020069009980390039858B9FFE730
:101BA0004FF0500080F31188BFF36F8FBFF34F8F5A
:101BB0000D90FFE7FEE708990020019039B9FFE793
:101BC0000398006C002818BF01200190FFE70198DE
:101BD000C00758B1FFE74FF0500080F31188BFF302
:101BE0006F8FBFF34F8F0C90FFE7FEE700F094FB81
:101BF00001460020009031B9FFE70798002818BF80
:101C000001200090FFE70098C00758B1FFE74FF0B0
:101C1000500080F31188BFF36F8FBFF34F8F0B908D
:101C2000FFE7FEE7FFE7FEF753FD0398806B0290A6
:101C3000029830B3FFE703980899FDF749FD029831
:101C400001380399886303980069A0B1FFE70398FE
:101C5000103000F01DFE60B1FFE74EF60451CEF2E9
:101C600000014FF080500860BFF34F8FBFF36F8FBC
:101C700000E0FFE700E0FFE7FEF756FD01200A90D5
:101C80006DE0079828B9FFE7FEF74EFD00200A90A7
:101C900065E0069830B9FFE704A8FEF759FF012078
:101CA000069000E0FFE7FFE7FFE7FEF73DFDFFF7E7
:101CB00007F9FEF70DFD039890F94400013028B9AB
:101CC000FFE70399002081F84400FFE7039890F9AB
:101CD0004500013028B9FFE70399002081F845004D
:101CE000FFE7FEF721FD04A807A900F0E9F930BBE2
:101CF000FFE70398FDF7FCFFD0B1FFE7039824301E
:101D00000799FEF741FF0398FEF732FA00F098FEBC
:101D100060B9FFE74EF60451CEF200014FF080505B
:101D20000860BFF34F8FBFF36F8F00E0FFE705E060
:101D30000398FEF71DFA00F083FEFFE70EE003981C
:101D4000FEF716FA00F07CFE0398FDF7D1FF18B1FC
:101D5000FFE700200A9002E0FFE7FFE763E70A9849
:101D60000EB080BD0000000080B590B009900891D1
:101D7000079209980490049858B9FFE74FF0500073
:101D800080F31188BFF36F8FBFF34F8F0C90FFE785
:101D9000FEE708990020009039B9FFE70498006C2D
:101DA000002818BF01200090FFE70098C00758B135
:101DB000FFE74FF0500080F31188BFF36F8FBFF340
:101DC0004F8F0B90FFE7FEE7FEF75AFDEFF311810F
:101DD0004FF0500080F31188BFF36F8FBFF34F8F28
:101DE0000E910D900E9805900498806B03900398C7
:101DF00000284FD0FFE7049890F844008DF80B00BE
:101E000004980899FDF764FC0398013804998863E5
:101E10009DF90B000130B8B9FFE70498006988B15B
:101E2000FFE70498103000F033FD48B1FFE7079852
:101E300020B1FFE707990120086000E0FFE700E01C
:101E4000FFE700E0FFE722E0FFE7FEF799FB0190E4
:101E50009DF90B000199884217D2FFE79DF90B000D
:101E60007F280BD1FFE74FF0500080F31188BFF3BC
:101E70006F8FBFF34F8F0A90FFE7FEE79DF80B00CF
:101E80000130049981F84400FFE7FFE7FFE70120F4
:101E9000069002E000200690FFE705980F900F984B
:101EA00080F31188069810B080BD0000000000008B
:101EB00080B58EB00990089100200790099904918F
:101EC0000390049858B9FFE74FF0500080F3118851
:101ED000BFF36F8FBFF34F8F0D90FFE7FEE70498BE
:101EE000006C58B1FFE74FF0500080F31188BFF34A
:101EF0006F8FBFF34F8F0C90FFE7FEE700F00CFAF7
:101F000001460020009031B9FFE70898002818BF6B
:101F100001200090FFE70098C00758B1FFE74FF09D
:101F2000500080F31188BFF36F8FBFF34F8F0B907A
:101F3000FFE7FEE7FFE7FEF7CBFB0498806B02901C
:101F4000029860B3FFE70298013804998863049807
:101F5000006828B9FFE7FEF763FA0499886000E09B
:101F6000FFE704980069A0B1FFE70498103000F083
:101F70008FFC60B1FFE74EF60451CEF200014FF046
:101F800080500860BFF34F8FBFF36F8F00E0FFE713
:101F900000E0FFE7FEF7C8FB01200A908DE00898FB
:101FA00028B9FFE7FEF7C0FB00200A9085E00798FC
:101FB00030B9FFE705A8FEF7CBFD0120079000E050
:101FC000FFE7FFE7FFE7FEF7AFFBFEF779FFFEF75E
:101FD0007FFB049890F94400013028B9FFE7049989
:101FE000002081F84400FFE7049890F94500013093
:101FF00028B9FFE70499002081F84500FFE7FEF7C4
:1020000093FB05A808A900F05BF8A8BBFFE70498BC
:10201000FDF76EFE48B3FFE70498006850B9FFE78C
:10202000FEF756FB0498806800F082FB0390FEF7F1
:102030007BFB00E0FFE7049824300899FEF7A4FD3D
:102040000498FEF795F800F0FBFC60B9FFE74EF648
:102050000451CEF200014FF080500860BFF34F8F63
:10206000BFF36F8F00E0FFE705E00498FEF780F80C
:1020700000F0E6FCFFE71FE00498FEF779F800F0B7
:10208000DFFC0498FDF734FEA0B1FFE7039870B1C0
:10209000FFE7FEF71DFB0498FDF7D6FB01900498BF
:1020A00080680199FEF7D4FDFEF73EFBFFE70020B4
:1020B0000A9002E0FFE7FFE73DE70A980EB080BD17
:1020C00080B588B005900491059858B9FFE74FF0A6
:1020D000500080F31188BFF36F8FBFF34F8F0790CD
:1020E000FFE7FEE7049858B9FFE74FF0500080F390
:1020F0001188BFF36F8FBFF34F8F0690FFE7FEE7A6
:10210000FEF7E6FA45F20820C2F2004000680290AD
:10211000029805994968401A0190049800680130B6
:1021200018B9FFE7002003902EE045F27010C2F2CC
:10213000004000680599096888420CD0FFE70298C2
:1021400005994968884206D3FFE701200390049966
:102150000020086017E001980499096888420BD2B2
:10216000FFE7019A04990868801A08600598FEF74D
:10217000EFFC0020039005E0049900200860012096
:102180000390FFE7FFE7FFE7FEF7CEFA039808B0FA
:1021900080BD00000000000070B58CB0DDF844C0C8
:1021A000DDF840C00B900A91ADF826200893BDF8E9
:1021B00026008000FEF734F805900598A0B1FFE7EF
:1021C0006420FEF72DF80790079840B1FFE70798C5
:1021D0006421EEF7E6F905980799086303E005988E
:1021E000FEF7CAFAFFE702E000200790FFE7079832
:1021F000F0B1FFE70798002680F861600B980A9914
:10220000BDF82620089BDDF840C0119C079DEE46D6
:10221000CEF80C60CEF80850CEF80440CEF800C0DE
:10222000FDF7DEFB0798FDF717F90120069003E0A4
:102230004FF0FF300690FFE706980CB070BD00002D
:10224000B0B58EB0DDF850C0DDF84CC0DDF848C048
:102250000A90099108920793139858B9FFE74FF035
:10226000500080F31188BFF36F8FBFF34F8F0D9035
:10227000FFE7FEE7149858B9FFE74FF0500080F3EE
:102280001188BFF36F8FBFF34F8F0C90FFE7FEE70E
:1022900064200490049864280BD0FFE74FF05000AE
:1022A00080F31188BFF36F8FBFF34F8F0B90FFE761
:1022B000FEE70498149840B3FFE7139828B3FFE7AC
:1022C0001498069006986421EEF76BF91398069916
:1022D00008630699022081F861000A980999089A12
:1022E000079BDDF848C0069CEE460025CEF80C5052
:1022F000CEF8084005ACCEF80440CEF800C0FDF79B
:102300006FFB0698FDF7A8F802E000200590FFE7B4
:1023100005980EB0B0BD000081B045F2D410C2F2F5
:102320000040006818B9FFE7012000900DE044F676
:102330004410C2F20040006818B9FFE70220009084
:1023400002E000200090FFE7FFE7009801B070472F
:1023500081B045F20820C2F2004000680090009869
:1023600001B070470000000080B58AB000200690E0
:1023700044F64410C2F200400068002840F02B816F
:10238000FFE745F20821C2F20041086801300590DC
:1023900005980860059868BBFFE7FFE740F68C00EA
:1023A000C2F200400068006858B1FFE74FF05000EB
:1023B00080F31188BFF36F8FBFF34F8F0990FFE752
:1023C000FEE740F68C02C2F200421068049040F62C
:1023D0009401C2F20041086810600498086045F258
:1023E0007011C2F20041086801300860FDF718FE64
:1023F000FFE700E0FFE7059845F26C11C2F20041EB
:1024000009688842C0F0C680FFE7FFE740F68C000D
:10241000C2F200400068006840B9FFE745F26C1165
:10242000C2F200414FF0FF300860B2E040F68C008D
:10243000C2F200400068C068C06808900898406810
:10244000079005980799884207D2FFE7079845F259
:102450006C11C2F2004108609BE0FFE7FFE70898BB
:102460004069039008988168C06888600899886806
:10247000C96848600398406808990431884205D1CA
:10248000FFE70898C06803994860FFE708990020B3
:1024900048610399086801380860FFE70898806A76
:1024A00008B3FFE7FFE70898806A02900898C169BF
:1024B000006A88600899C869096A4860029840689B
:1024C00008991831884205D1FFE70898006A0299F7
:1024D0004860FFE70899002088620299086801387F
:1024E0000860FFE700E0FFE7FFE7FFE70898C06A42
:1024F00044F64C11C2F200410968884208D9FFE74E
:102500000898C06A44F64C11C2F200410860FFE727
:10251000FFE7FFE70898C06A00EB800040F69C01E7
:10252000C2F2004101EB8000406801900198089AD6
:10253000906001988068089AD06008980430019AE9
:102540009268506008980430019A9060089AD06AA6
:1025500000EB800001EB800050610898C06A00EB3E
:10256000800251F82200013041F82200FFE7FFE726
:102570000898C06A40F68401C2F200410968C96A3D
:10258000884203D9FFE70120069000E0FFE7FFE75C
:102590003CE7FFE740F68400C2F200400068C06AF2
:1025A00000EB800140F69C00C2F2004050F8210090
:1025B000022803D3FFE70120069000E0FFE745F281
:1025C0001420C2F20040006818B1FFE70120069015
:1025D00000E0FFE707E045F27C11C2F20041086825
:1025E00001300860FFE706980AB080BD00000000D7
:1025F00080B586B003900398029000200190039864
:10260000002800F08E80FFE7029840F68401C2F2B5
:102610000041096888420BD0FFE74FF0500080F37B
:102620001188BFF36F8FBFF34F8F0590FFE7FEE771
:102630000298406D58B9FFE74FF0500080F31188C1
:10264000BFF36F8FBFF34F8F0490FFE7FEE7029950
:10265000486D013848650299C86A096D88425ED0A4
:10266000FFE70298406D002857D1FFE70298043039
:10267000FDF762FF08B9FFE700E0FFE70299086D88
:10268000C8620299C86AC0F138008861FFE7FFE7B5
:102690000298C06A44F64C11C2F2004109688842AF
:1026A00008D9FFE70298C06A44F64C11C2F2004113
:1026B0000860FFE7FFE7FFE70298C06A00EB8000D1
:1026C00040F69C01C2F2004101EB8000406800909E
:1026D0000098029A906000988068029AD0600298F0
:1026E0000430009A9268506002980430009A90601A
:1026F000029AD06A00EB800001EB800050610298E2
:10270000C06A00EB800251F82200013041F822003B
:10271000FFE7FFE70120019000E0FFE700E0FFE7AF
:1027200000E0FFE7019806B080BD00000000000057
:1027300080B584B003900398029000200190039824
:10274000002800F09F80FFE70298C06A40F68401ED
:10275000C2F200410968C96A884280F08280FFE7BE
:102760000298C07E000600280BD4FFE740F68400E4
:10277000C2F200400068C06AC0F138000299886166
:1027800000E0FFE702994869C96A01EB810240F65F
:102790009C01C2F2004101EB8201884255D1FFE762
:1027A00002980430FDF7C8FE08B9FFE700E0FFE734
:1027B00040F68400C2F200400068C06A0299C86214
:1027C000FFE7FFE70298C06A44F64C11C2F20041ED
:1027D0000968884208D9FFE70298C06A44F64C119C
:1027E000C2F200410860FFE7FFE7FFE70298C06A16
:1027F00000EB800040F69C01C2F2004101EB80003A
:10280000406800900098029A906000988068029A50
:10281000D06002980430009A9268506002980430A8
:10282000009A9060029AD06A00EB800001EB800071
:1028300050610298C06A00EB800251F8220001301A
:1028400041F82200FFE7FFE708E040F68400C2F20B
:1028500000400068C06A0299C862FFE70120019049
:102860000FE00298006D40F68401C2F20041096851
:10287000C96A884203D2FFE70120019000E0FFE728
:10288000FFE700E0FFE7019804B080BD0000000012
:1028900088B006900698C068C0680590059858B939
:1028A000FFE74FF0500080F31188BFF36F8FBFF345
:1028B0004F8F0790FFE7FEE7FFE70598806A0390D8
:1028C0000598C169006A88600599C869096A486005
:1028D0000398406805991831884205D1FFE70598AB
:1028E000006A03994860FFE7059900208862039910
:1028F000086801380860FFE744F64410C2F200405F
:102900000068002865D1FFE7FFE70598406902905D
:1029100005988168C068886005998868C9684860BA
:102920000298406805990431884205D1FFE705986F
:10293000C06802994860FFE7059900204861029944
:10294000086801380860FFE7FFE7FFE70598C06AFD
:1029500044F64C11C2F200410968884208D9FFE7E9
:102960000598C06A44F64C11C2F200410860FFE7C6
:10297000FFE7FFE70598C06A00EB800040F69C0186
:10298000C2F2004101EB8000406801900198059A75
:10299000906001988068059AD06005980430019A8B
:1029A0009268506005980430019A9060059AD06A48
:1029B00000EB800001EB800050610598C06A00EBDD
:1029C000800251F82200013041F82200FFE7FFE7C2
:1029D0001DE0FFE745F28011C2F200414868009017
:1029E0000098059AD06100988068059A1062059851
:1029F0001830009A9268506005981830009A9060DC
:102A000005988162086801300860FFE7FFE70598D4
:102A1000C06A40F68401C2F200410968C96A88426E
:102A200008D9FFE70120049045F21421C2F20041C9
:102A3000086002E000200490FFE7049808B07047A7
:102A400080B588B000200690059044F64410C2F28C
:102A50000040006858B9FFE74FF0500080F311883C
:102A6000BFF36F8FBFF34F8F0790FFE7FEE7FDF7D0
:102A70002FFE44F64410C2F20040016801390160A3
:102A80000068002840F0F780FFE744F63C10C2F2EF
:102A900000400068002800F0ED80FFE7FFE745F206
:102AA0008010C2F200400068002800F0A080FFE71C
:102AB00045F28010C2F20040C068C0680690FFE78F
:102AC0000698806A04900698C169006A8860069931
:102AD000C869096A486004984068069918318842B4
:102AE00005D1FFE70698006A04994860FFE7069958
:102AF000002088620499086801380860FFE7FFE752
:102B000006984069039006988168C06888600699B5
:102B10008868C9684860039840680699043188420B
:102B200005D1FFE70698C06803994860FFE706995A
:102B3000002048610399086801380860FFE7FFE753
:102B4000FFE70698C06A44F64C11C2F200410968DA
:102B5000884208D9FFE70698C06A44F64C11C2F2D1
:102B600000410860FFE7FFE7FFE70698C06A00EB57
:102B7000800040F69C01C2F2004101EB80004068F9
:102B800002900298069A906002988068069AD06037
:102B900006980430029A9268506006980430029AAF
:102BA0009060069AD06A00EB800001EB80005061D3
:102BB0000698C06A00EB800251F82200013041F80B
:102BC0002200FFE7FFE70698C06A40F68401C2F2E0
:102BD00000410968C96A884207D9FFE745F2142114
:102BE000C2F200410120086000E0FFE757E70698C5
:102BF00018B1FFE7FDF714FAFFE745F27C10C2F2C7
:102C00000040006801900198E0B1FFE7FFE7FFF79F
:102C1000ABFB38B1FFE745F21421C2F200410120BD
:102C2000086000E0FFE7019801380190FFE7019894
:102C30000028ECD1FFE745F27C11C2F200410020F0
:102C4000086000E0FFE745F21420C2F2004000688F
:102C500070B1FFE7012005904EF60451CEF200015D
:102C60004FF080500860BFF34F8FBFF36F8F00E0CD
:102C7000FFE7FFE700E0FFE7FDF756FD059808B026
:102C800080BD00000000000080B58AB000200890E0
:102C9000FCF79AFC45F20C20C2F20040006858B3E1
:102CA000FFE7002004900790069007A806A905AA50
:102CB000FDF786FC049B059A0698DDF81CC0694662
:102CC000C1F808C048600220086040F25110C0F608
:102CD000010043F63661C0F60101FFF7B1FA014683
:102CE00045F21020C2F200400160006818B1FFE711
:102CF00001200890FFE700E0FFE7089858B9FFE7D8
:102D00004FF0500080F31188BFF36F8FBFF34F8FE8
:102D10000990FFE7FEE708980AB080BD410008026D
:102D200018BF04200A0E18BF40F001004FF07F4288
:102D300032EA010108BF40F00200012808BF052067
:102D40007047000070B54FF068422DED048BF0EE37
:102D5000408A18EE900AB0EE608A18EE101A02EB64
:102D60004003B3F1654F3CBF02EB4102B2F1654F46
:102D70007DD200BFC0F3C753C1F3C7529A1A1B2AB2
:102D800009DD10F0004F14BF9FED830A9FED830A09
:102D9000BDEC048B70BD12F11A0F36DA11F0004F42
:102DA00009D010F0004F0CBF9FED7D0A9FED7D0A0A
:102DB000BDEC048B70BD88EE889A19EE100AFFF7FF
:102DC000ADFF042808BF00F0F3FD18EE900AFFF7EE
:102DD000A5FF054618EE100AFFF7A0FF044619EEFE
:102DE000100AFFF79BFF042D18BF052D08D1042CF6
:102DF00018BF052C04D1002804BF0220EDF722FCE7
:102E0000B0EE490ABDEC048B70BD4200B2EB410F3D
:102E10003AD910F0004F19BFDFED630A9FED630A46
:102E2000DFED630A9FED630AB0EE481A0A46B1EE81
:102E3000688A80F00041F0EE418A10460A1A52007A
:102E4000B2F1807F34D2484010F0004FDFED5A1AC3
:102E50009FED5A2A1DBFBEEE001A70EEE10A30EE59
:102E6000420AB6EE001A08BF70EEA10A00E040E088
:102E700008BF30EE020AB0EE682A01EE482A08EEDA
:102E8000818AC2EE081A15E011F0004F04BF9FEDD1
:102E90004C0AF0EE400AD1D010F0004F19BFDFED20
:102EA000490A9FED490ADFED490A9FED490AC5E746
:102EB000C8EE881A21EEA11A9FED462ADFED462AB8
:102EC00041EE022A9FED452A01EE222ADFED442A37
:102ED00041EE022A9FED432ABDEC048B01EE222A2B
:102EE00021EE811A01EE020A30EE210A30EE200AAC
:102EF00070BD4FF07F42B2EB400F28BFB2EB410FE5
:102F000009D2F0EE480AB0EE680ABDEC048BBDE8C9
:102F1000704000F03ABD40EA01035B0008BF41F099
:102F2000FF410BD0B2EB400F08BFB2EB410F08D10D
:102F300020F0804008EE900A21F0804108EE101A3F
:102F400018E7B2EB400F12BF5FEA410340F0FF40C9
:102F500001F000413FF40EAFB2EB410F12BF5FEA48
:102F6000400200F0004041F0FF413FF403AF4A004F
:102F700092EA40033FF5FEAE002AACBF9FED1A0A6D
:102F80009FED1A0A68EE808A28EE008A18EE900AF1
:102F900018EE101AEEE60000DB0FC9BFDB0FC93FC9
:102FA000DB0F4940DB0F49C00000C9BF22AAFDB9B1
:102FB0000000C93F22AAFD390060ED3EC30ACE37AA
:102FC00000000000000049C022AA7DBA000049406C
:102FD00022AA7D3A2DAD65BD8FB8D53D0FB511BE86
:102FE00061C84C3EA8AAAABE0000804F0000802FF6
:102FF00010EE101A08B5444A6846B2EB410F28D9C2
:103000004FF0E640B0EB410F94BF00204FF0FF308F
:1030100000900098002861DB60EE000A10F0010FBC
:1030200045D010F0020FDFED391A9FED391A00EE8E
:10303000A11ADFED381A40EE811A21EEA01AF0EE47
:10304000400A40EE010A08BFF1EE600AB0EE600AE5
:1030500008BD314B21F0004293423CD911F0004FA2
:10306000DFED2E0A20EE201ADFED2D0A19BF31EE1A
:10307000601A71EE200A31EE201A71EE600ABDEE80
:10308000E01A11EE100A9FED271A00F0030000EE7F
:10309000C10A9FED251A009000EEC10A9FED231A88
:1030A00000EEC10A9FED221A00EEC10AB1E79FEDC2
:1030B000211A9FED210A10F0020F00EE810A9FED08
:1030C0001F1A00EE801AB7EE000A00EE810A18BF40
:1030D000B1EE400A08BD00F073FC9AE710EE100A4A
:1030E0004000B0F17F4F3CBFB7EE000A08BD07D1EA
:1030F0004FF00100EDF7A6FABDE8084000F048BC2B
:10310000BDE8084000F03EBCB61F927E336D4CB95E
:10311000DA82083CA0AA2ABE490E494683F9223F1A
:103120000000004B0000C93F00A0FD390020A23381
:103130001A61342CB93AB2BACA9F2A3DDDFFFFBEEC
:1031400010B510EE100A2DED068BB7EE001A10EE3A
:10315000901AB0EE418A0022A0F5000CDFEDFE9A35
:103160004FF00073BCF1FE4F4FF07F4403EB410C76
:1031700080F0B481BCF1804FC0F02082F749014457
:103180009FEDF73AB1F5005F40F2D48200F580215F
:10319000CB0C03F00F0101EE901AC3F307137F3B32
:1031A000A0EBC350B8EEE12A00EE100A1A44DFED9E
:1031B000ED2AF0EE411A42EE221AF0EE613A70EE7C
:1031C000232A30EE632A12EE900A00F500606FF3B6
:1031D0000B0001EE900A73EEE13A33EE804AC1EE45
:1031E000223A22EE230A10EE100A00F500606FF377
:1031F0000B0000EE100A00EE612A00EE442A62EE97
:10320000232A70EE221A21EEA12ADFEDD73A02EE30
:10321000233A23EE023A20EE012A22EE811A03EE2F
:10322000211A32EE010A10EE100A00F500606FF369
:103230000B0000EE100A72EE401A31EE812A9FED6B
:10324000CB1A60EE011A9FEDCA1A20EE011A9FED0B
:10325000C90A02EE001A31EE810A10EE100A00F5DA
:1032600000606FF30B0000EE100AC34871EEC01A45
:1032700031EE812A784400EBC10090ED003AD0EDA8
:10328000011A100101EE100AF8EEC12A32EE211ADD
:1032900031EE001A31EE031A31EE221A11EE100A45
:1032A00000F500606FF30B0009EE100A39EE621AA8
:1032B00031EE431A31EE400A30EE610A32EE40AA96
:1032C00010EE900A002100F500606FF30B0008EE8D
:1032D000900A084670EEE8AA4FF0000029EE280A8E
:1032E00000F00C01F0EEC00A10EE900AB0F18B4F26
:1032F0000DDD10EE900AB4EB400F08D310EE100A6B
:103300004FF08B4262F31E0008EE900A13E069EE64
:103310002A0A38EEAA1A4AEE010A30EE201A11EEF5
:10332000100A00F500606FF30B0008EE900A30EE13
:10333000680A70EE209A0C204FF0000038EEA90ABF
:10334000B5EEC00AF1EE10FA34BFFEEE000AF6EE5A
:10335000000A30EE800ABDEEC00A10EE100A01111C
:1033600000EE101AF8EEC00A00EE100AB8EEC00A1D
:1033700038EEC00A30EE290ADFED801A9FED801A80
:1033800000EE211ADFED7F1A7F4900F00F0040EEBA
:10339000011A21EE800A794401EB800191ED001AB7
:1033A0007A49794401EB8001D1ED001A784901EEA8
:1033B000801A794401EB8000764990ED000A31EEE5
:1033C000001AB0EEE00A10EE100A884215DA10EE8C
:1033D000100AB4EB400F10D39FED6F0A30EE800A55
:1033E000DFED6E0A20EE200A68EE010ABDEC068BC6
:1033F000BCEEC00A20EE200A10BD10EE100A68498B
:10340000884243DA10EE100AB4EB400F3ED3BDEE13
:10341000E00A68EE010A10EE100A00EBD0725110BB
:10342000C90501F17E5100EE101AA0EB6200C00543
:1034300060EE200A00F17E5000EE100A60EE808AF5
:1034400018EE900AB4EB400F0FD10220EDF7FAF816
:1034500000F0A6FA10EE101A18EE100ABDEC068B5A
:1034600061F31E0000EE100A10BD18EE900A400035
:1034700011D018EE900AFFF751FC042808BF00F0A5
:1034800097FAB0EE680ABDEC068B10BDF5EEC00AE7
:10349000F1EE10FA0FD20220EDF7D4F800F088FA1E
:1034A00010EE101A18EE100ABDEC068B61F31E0028
:1034B00000EE100A10BD0220EDF7C4F800F070FA1B
:1034C00010EE101AB0EE480A10EE100ABDEC068B92
:1034D00061F31E0000EE100A10BD00BFBCF1804F6A
:1034E0006CD300BF00F1FF43B3F1FE4F24D200BF05
:1034F000B0EEC00A10EE100AC1F3C7537F2B0DDBEC
:10350000972BBFF63BAEC3F196034FF0010C0CFABC
:1035100003F3A3F1010C1CEA010F08D00120EDF721
:1035200091F8BDEC068BBDE8104000F031BA0B42BB
:1035300018BFBFEE008A21E643001CBF4FF0807326
:10354000B3EB400F34D96FF01A02DFED161A20EEFC
:10355000210A10EE100A27E000000000001080C0D1
:10356000ABAAAA3E0000803D7EE24C3E00B038424D
:10357000D49AB8BB3BAA3842B8080000FC5963375C
:10358000C9FF753A1872313D560800008A080000DC
:10359000FA0700000000FC420000FE420000004B61
:1035A000000040430000004D10F0004FA0D1E5E5C1
:1035B000A0F50003B3F1FE4F21D2DFE503EB410399
:1035C000B3F1007F11D3F5EEC00AF1EE10FA05D188
:1035D000430018BFB4EB400F76D883E701F00041F9
:1035E00041F0FC5100EE901A7CE7B3F1807F06D2E7
:1035F00010EE903AA3F5000300EE903A72E720F047
:1036000000426FF0FF4C604C02EB0C03A34210D35E
:1036100021F000439C44A4450BD3B0F17E5F18BF5A
:103620005FEA410C50D0B2F1FF4F98BFB3F1FF4FAA
:1036300005D9BDEC068BBDE8104000F0A6B9B0F18D
:10364000FF4F0FD0C1F3C7527F2A09DB972A11DA47
:10365000C2F19602012303FA02F2531E0B4205D077
:10366000002208E011F0004F55D128E00A4218BFAF
:10367000012200D1022210F5000F13D028B3B0F1BF
:10368000004F26D010F1814F4FD04FF0FE42B2EBE9
:10369000400F94BF01200020012202EBE17188421B
:1036A00039D10CE011F0004F02D0012A38D032E0BD
:1036B000012A02BF9FED350ABDEC068B10BD9FEDC0
:1036C000340ABDEC068B10BD2FE011F0004F0CD179
:1036D00021E0B1F1FF4F1ED011F5000F05D011F020
:1036E000004F15D00AB1012A08D00220ECF7AAFF3A
:1036F000BDEC068BBDE8104000F03AB90220ECF7B3
:10370000A1FF00F035F9BDEC068BB1EE400A10BD0B
:103710000AB1012A04D0B0EE690ABDEC068B10BDD7
:10372000BDEC068B9FED1B0A10BDBDEC068BB7EE02
:10373000000A10BD30EE410AB5EE001A9FED172ABF
:1037400000EE413AB6EE001A60EE001A00EE431A9F
:1037500061EEC11A9FED101A20EE011A20EE020A46
:103760009FED0F2A01EE820A71EE001A11EE900A07
:1037700000F500606FF30B0009EE100A31EE491AF4
:1037800031EE00AA9CE50000FFFF3F00000080FF33
:103790000000807F0000008000B0B841D49A38BBA0
:1037A0003BAAB84100B510EE101A2DED028B81B086
:1037B000524A6846B2EB410F2ED94FF0E640B0EBCB
:1037C000410F94BF00204FF0FF3000900098B0EE02
:1037D000408A00286ADB10F0010F4BD068EE080A1F
:1037E0009FED471A9FED470A00EE810A9FED461AAA
:1037F00010F0020F00EE801AB7EE000A00EE810A08
:1038000002BF01B0BDEC028B00BD00BF01B0B1EE44
:10381000400ABDEC028B00BD3C4B21F000429342BC
:1038200041D911F0004FDFED3A0A20EE201ADFED0A
:10383000390A19BF31EE601A71EE200A31EE201AF2
:1038400071EE600ABDEEE01A11EE100A9FED321A19
:1038500000F0030000EEC10A9FED301A009000EE68
:10386000C10A9FED2F1A00EEC10A9FED2E1A00EE3D
:10387000C10AABE728EE080A9FED2B1ADFED2B0AF1
:1038800010F0020F40EE010A9FED291A00EE201AF7
:1038900061EE000AB0EE480A08EE200AB6D101B087
:1038A000BDEC028B00BD00F08BF88FE718EE100A1C
:1038B0004000B0F17F4F0DD218EE100AFFF72EFA3C
:1038C000042808BF00F074F8B0EE480A01B0BDEC5F
:1038D000028B00BD09D10120ECF7B4FE01B0BDECB4
:1038E000028B5DF804EB00F053B801B0B0EE480A6B
:1038F000BDEC028B5DF804EB00F044B8B61F927E7D
:10390000B93AB2BACA9F2A3DDDFFFFBE490E494609
:1039100083F9223F0000004B0000C93F00A0FD39A1
:103920000020A2331A61342C336D4CB9DA82083C82
:10393000A0AA2ABE10B52DED028BB1EEC08A18EEFA
:10394000100A20F00040C0F1FF40C00F0AD010EE76
:10395000100A20F00040C0F1FF40C00F04BF01205A
:10396000ECF770FEB0EE480ABDEC028B10BD000013
:10397000DFED030AB7EE001A81EE200A704700005F
:103980000000000030EE000A704730EE200A704759
:10399000DFED020A80EEA00A704700000000000080
:1039A0009FED020A20EE000A704700000000007040
:1039B0009FED020A20EE000A704700000000001090
:1039C0002DE9F0014FF07F42B2EB410F9FBF4FF066
:1039D000FF310160BDE8F00170474FF0004242EA5C
:1039E0000123C1F3C752783A551112F01F0C434C12
:1039F000CCF120067C44C1F3C752A2F178024FEA11
:103A0000621204EB820254F8254008BFD2E9015645
:103A100012D0556804FA0CF425FA06F73C4397686F
:103A200005FA0CF527FA06F8D26807FA0CFCF24002
:103A300045EA08054CEA0206A4FB034CA5FB035229
:103A4000A6FB03631D449D4234BF012600261319C3
:103A5000334416B1934202D903E0934201D20122CA
:103A600000E00022624402F1200C9206DC0C42EAE3
:103A7000443200EE102A5B03DFED210AF8EEC01A93
:103A800000EE103A4FEA9C1C11F0004FB8EE400ACD
:103A9000C0F800C020EE201A00EE105ADFED190A1F
:103AA000B8EE400A20EE200A71EE810A70EE800A1C
:103AB00010EE902A02F500626FF30B0200EE902ADE
:103AC00070EEE11A31EEC11ADFED101A30EE411A34
:103AD0009FED0D0A20EE800A01EE210A9FED0C1ADF
:103AE00000EE810A04BFBDE8F0017047CCF18051BF
:103AF0000160BDE8F001B1EE400A704778020000B5
:103B0000000000360000802C22AAFD29DB0FC92FFF
:103B10000000C92FF1EE100A4FF6FF71C0F2C0315C
:103B200020EA010040F04070E1EE100A704700000A
:103B300000000000000000000000B33FB2BE7D3A6C
:103B400000002E40DFCF513800007E40BF51FABA4E
:103B500000E0A44019DAC3BA00E0C840C2ED8AB957
:103B60000040EB40CD1F2CBA001006412AFFFABAE4
:103B700000C01541DFCFD13700D024419A97703A69
:103B80000050334189478E3600404141E75B9D3804
:103B900000B04E41C00A98B900A05B41558F943ADD
:103BA00000306841DA92C0BA0040744162B3C63A4C
:103BB0000000803F00A0853F00908B3F00C0913FF8
:103BC0000030983F00F09E3F00F0A53F0050AD3F11
:103BD0000000B53F0000BD3F0060C53F0020CE3F64
:103BE0000040D73F00C0E03F00C0EA3F0020F53F63
:103BF000000000007D36AC397D3C3839EBDCF43810
:103C0000320A7E39124C26399B6AED39A4EE83398B
:103C10007F661E39F6398A392B426539A4821139FB
:103C20005B991F39C3EECD39DDE7C637A5A22F3921
:103C30000000803FC3AA853FC2958B3FD3C3913F0D
:103C4000F037983F32F59E3FD7FEA53F3F58AD3F36
:103C5000F304B53FA408BD3F2A67C53F8C24CE3F7F
:103C6000FD44D73FDFCCE03FC7C0EA3F7D25F53FAD
:103C7000000000006E83F9A22915444ED15727FC9D
:103C8000C0DD34F5999562DB4190433CAB6351FE56
:103C90000000000000000000000000000000000024
:103CA000000000000100000002000000030000000E
:103CB00004000000000000000500000000000000FB
:103CC00000000000000000000600000000000000EE
:103CD00000000000000000000700000000000000DD
:103CE000010203040102030406070809000102039C
:103CF00004050607080C10141820304000061016A2
:103D00000006101608040204080101010101010364
:103D100007010000010002000400060008000A007C
:103D20000C0010002000400080000001DC3D010874
:103D30000000000000000000000000001F3E01081D
:103D4000000000000000000000000000073E010825
:103D50000000000000000000000000000000000063
:103D60000008000018000000000000000000000033
:103D7000133E0108000000000000000000000000E9
:103D8000000000000008000011000000000000001A
:103D900000000000E83D01080000000000000000F5
:103DA000000000000000000000000000F23D0108DB
:103DB0000000000000000000000000000000000003
:103DC00000000000FE3D01080000000000000000AF
:103DD0000000000000000000000000006368617344
:103DE00073697343616C6300647433355175657531
:103DF000650068616E646C65517565756500696D17
:103E00007551756575650063686173736973546195
:103E1000736B00636861737369735F63616E0063E2
:103E200068617373697352656164790049444C45F4
:103E300000546D725100546D72205376630000007F
:103E400037000000683E0108000000241800000050
:103E500008030008803E01081800002400580000F4
:103E600024030008000000000090D0030090D0035D
:103E7000CDCC4C3D0100000010000000AAAAAAAA67
:04000005080002CD20
:00000001FF
